Date,ETN,RHI,MMM,VRTX,BAX,HOLX,ADBE,SNPS,MSFT,T,OMC,RCL,TSCO,DRI,WEC,SRE,NEE,MCO,RJF,AJG,IFF,SHW,ALB,AMT,ARE,PSA,MNST,CLX,CAG,CVX,COP,VLO
2000-03-31 00:00:00+00:00,-0.0685151984510634,0.0347221184598673,-0.0006628161760624,0.4042056074766356,-0.0949878396469949,0.0105263157894737,-0.0146554244782969,-0.0854402789886661,0.2508387724524661,-0.0983210486578,0.0889227936703733,-0.0438147074954933,-0.0592594913910419,-0.0314688290393305,-0.0378553376114729,-0.0278214282323226,-0.0638299614694917,0.0679015965397691,-0.0622625591317295,0.1653747795398292,-0.0238799991840715,-0.0092317224734767,-0.0281385372717184,0.1061325279308931,0.0714804450022574,-0.0035860787437523,0.0,0.11001428822183,-0.0265956545058709,-0.0959468897910346,-0.0681233611397841,-0.0838329667149713
2000-06-30 00:00:00+00:00,0.096176565938798,0.6890373027842642,-0.0201832877060196,0.2146422628951747,0.0590736236108786,0.2916666666666667,0.610499711987474,-0.3050524308865586,-0.2203752144819758,-0.0409782650362249,-0.0165792943649769,-0.42671287621162707,0.29133802409028303,0.0252706881516784,0.0766669261978763,-0.0260409407914575,0.1131912210961567,-0.0231210841591024,0.1639252928371608,0.0374235006235508,0.0181433603591589,0.1131040449708138,0.1188025740773486,0.5394443615807947,-0.0182718151835976,-0.0366104494320556,0.0289835734623205,-0.2943799742045343,-0.178149863674936,0.1132232198724809,0.0354098958939621,0.6724217116051194
2000-09-30 00:00:00+00:00,-0.0972008160978591,0.2768217894813183,-0.0791036423702473,1.367123287671233,0.1417080687584686,-0.0483870967741935,0.2116112519387962,-0.1975308641975308,-0.1196693841957949,0.0481136852841419,-0.0468272272799465,-0.2773743963864954,-0.2408536269417061,-0.0719574028213736,0.0345145603675467,0.0743088506528408,0.1117858906656104,0.0295854879754247,0.117012823095761,0.2899893851852715,-0.1305279475638686,0.0136400285555953,0.0833924841449953,-0.0692515343896734,0.1548900572626625,0.1202544952266866,-0.0140836341501371,0.3344709022656702,0.057837789819122,-0.0626725223480734,0.1043598095715359,-0.0189079895493802
2000-12-31 00:00:00+00:00,-0.1017844297929267,0.1804979515621261,0.0973140060087522,0.5185185185185186,0.0994717970496807,-0.059322033898304996,0.2748975236052471,0.0119658119658119,-0.2609380058127332,0.0831298509088818,-0.184021375488981,0.3317598046151429,-0.321285209533577,0.2775666502451079,-0.0309868621145265,0.1921022547511108,0.3838647866673625,0.2528735953008274,0.3824523078717747,0.3880793381371161,-0.4090405363993226,-0.0727655607061138,-0.1146964730970637,-0.1041668634855074,-0.007245868299778001,-0.0014996291597028,0.2285783136981687,-0.1209189708268273,0.0583887836770291,0.0168260948421086,0.2527932162782231,0.1313849411365832
2001-03-31 00:00:00+00:00,0.4923400013037635,-0.326889098491425,0.3079490773549478,-0.2301829268292683,0.1641544727962738,-0.2792792792792793,-0.4264442437114182,0.1942567567567568,-0.2663847752474088,0.0128236130658248,0.0709741544970252,0.0037295377545201,-0.1893495075333066,0.0794311251743415,0.1438735412152048,0.0962211721958239,0.03765964901861799,-0.0304031848146349,0.1345918218321273,0.086664688842333,0.1418226352332809,0.2135035617589784,0.2374942123439687,-0.0365445980202971,0.0937379772477857,0.0503700511452318,-0.2906947383717081,-0.137482908980716,0.2649061925423792,-0.0009437932045175,-0.095587572575737,0.0182964483171115
2001-06-30 00:00:00+00:00,0.0119310282853255,-0.0813578064654705,-0.1392498770524217,-0.4732673267326732,0.0340872371273519,-0.1999999999999999,-0.2721931979237211,0.0410183875530409,0.2867434571731382,-0.125455803711046,0.058235351854323,-0.1005670124733971,0.6423362693224739,0.0607733969972557,-0.0068830304946256,0.0468801485392034,-0.1210581210661335,0.0337095236235216,-0.2131009051239504,-0.1214585083447021,0.0860959598232424,0.0341710270698927,-0.0406833106011752,-0.4921378070539519,0.0305638462427941,0.1049494810777722,-0.1229541812006514,-0.079992086555516,-0.2835824099921983,0.0185497061826562,-0.0572433692647401,-0.0070968949961762
2001-09-30 00:00:00+00:00,0.0766818777846847,0.1073212966024139,0.1549106940453342,0.4099248441538416,0.0789811988540638,0.6124999523162842,0.3812783806074482,0.0108695652173913,0.2649493445092143,-0.0650815170309221,0.0473571494198181,-0.0206184070684249,0.1164448666499295,0.1857181305121655,0.1156193232974207,0.1959126188193769,-0.0103678819135599,0.2508531339904478,0.0705247479787651,-0.0163842417869573,0.1933780720010951,-0.1173576017446389,0.0387970709417317,0.0994017554604134,0.0546036484668683,0.1407498399771423,0.0646550889717776,0.126687323568065,0.0909006633181406,0.0467309003801932,0.0630799494035259,0.0208755378096188
2001-12-31 00:00:00+00:00,-0.175343968459706,-0.1786448496149966,-0.1693472291026012,-0.636305485311585,0.1100001640313206,-0.2170542108418727,-0.4868568195876916,-0.1649461971816196,-0.2664303150288024,0.1543004737555904,-0.2632738107468498,-0.527413424956044,0.1433120680844921,-0.1020768493573418,-0.0469068008312505,-0.0888055382273258,-0.0957632888728168,0.0852652694745275,-0.12057088389224499,0.2687958236161654,0.0688062566511762,-0.0016863370054772,-0.18831317807963896,-0.3379443192164634,0.045372237973557,0.1481769589582686,0.0168540680334872,0.0650034785263757,0.1600908170867039,-0.0666144074513032,-0.0547438045117603,-0.0118482311259157
2002-03-31 00:00:00+00:00,0.2631678127536974,0.3249998069805166,0.2156226091225823,0.4392963057843566,-0.0322817036158717,0.9405940238803816,0.3227923944041866,0.5158382136175352,0.2944587906728717,-0.1351545865702115,0.4156894119758614,0.5985103387443385,0.9008354397758926,0.3727072008162971,0.0216198274557699,0.0047988870865944,0.071343238271982,0.0863207571575925,0.3386696638460997,0.0019994148608952,0.0786324872661763,0.2220723843086953,0.3118271967790402,-0.2544778927885585,0.031737717595577,0.0200161340432625,0.132597831847024,0.0650428848616295,0.0708986376580342,0.0774198220036304,0.1397152713641121,0.0901980835254441
2002-06-30 00:00:00+00:00,0.0902366861190886,0.0943399316718147,-0.0106677306553519,0.157294154808306,0.1071565096246962,0.6051019628660637,0.2761846812728683,-0.0832484110612998,-0.0993444141855334,-0.07333308422957902,0.0461475965895989,0.3538484258834717,0.3774919565926482,0.1138124039164498,0.1020031502282614,0.0259622427157473,0.04748367681326401,0.0222473379305288,-0.0228349849755244,-0.0299788310329994,0.19733758562484802,0.0764118495735215,0.1619980425627749,-0.4684681777368898,0.0988017140404298,0.1191382878454883,0.0365973936050925,0.1051894600703156,0.0252168212651238,0.0110481130828163,0.0666499602696852,0.2704835425678318
2002-09-30 00:00:00+00:00,-0.1098690130667147,-0.2037929528554263,0.1107505198225697,-0.45880281366164,-0.2718149648485386,-0.1481246021304587,-0.3349919903809115,-0.0168643414168249,-0.1278566351520651,-0.1748606565807922,-0.5658591323761135,-0.0870000608595101,0.4389359279835263,-0.0936848123101314,0.026475245265040002,-0.1109560206723674,0.0106164816353107,0.1691015919108935,-0.1568060203806003,0.0503583793976436,-0.0784005081160535,0.0164111398353461,0.1475672412341742,-0.4199625583959656,0.0954669221580857,0.0002908239879411,-0.0164667239878875,-0.0126605900665599,0.1226590194681347,-0.0045110620631095,-0.0686930320425563,-0.2235896989652566
2002-12-31 00:00:00+00:00,-0.0732015337644296,-0.3222173796057189,-0.0828720350077499,0.2726089532583553,-0.3081056963196728,-0.2104477444107211,-0.2802640065554868,-0.2863336257335382,-0.1221038789450799,-0.297147791523157,0.3962978260558143,-0.1642879938364069,-0.0669821489563157,0.0263719902239831,-0.0185837402888382,-0.069621694816284,-0.0506282147291504,0.0389050394293923,-0.0469263842958973,-0.2444414496615938,0.0269209117927848,-0.1692733745544387,-0.1263367100683875,-0.4740259328526077,-0.118123417016836,-0.1230709181013341,-0.0191539907241626,-0.0216906056499549,-0.0503222667724798,-0.1786899974929864,-0.1784773371752354,-0.2918392420025875
2003-03-31 00:00:00+00:00,0.2230510081817025,0.0715651067037397,0.0953458791576378,-0.1635991279633016,-0.013045489065789001,0.1824196898953969,0.3182286023728569,0.2393026257933179,0.1620155497810123,0.412580631452514,0.1781635646354107,0.0823455708142451,0.2576861263487127,-0.111942695241357,0.0435005054660797,0.2107172808254913,0.1158974566223898,-0.1160783108713054,0.116455906148339,0.1566519135161839,0.08813394701799801,0.2033007869821292,0.0462767814464697,1.3765429281643895,0.0171233307130518,0.0349584364237507,0.0365973936050925,0.0221437632992402,0.0221349892276754,-0.0494870680411797,0.0337686606715086,0.4247483094676383
2003-06-30 00:00:00+00:00,-0.1037300899673419,-0.2015505515748901,0.0376772251569499,-0.3276283869427301,-0.353085134249442,-0.2989608075692618,0.1967396313062666,-0.0807757299389355,-0.0905327540628895,-0.2516282811724417,-0.1762595338890289,-0.1671775333662408,-0.1643146797832176,-0.1753156266038468,-0.0043885624117945,0.0401286679946621,-0.0271657868269501,0.0773426304358884,-0.1191201602776492,-0.16203989392220097,-0.1235605210346814,-0.0701269942591618,-0.1443265071551832,0.4311695219403069,0.0139769337391921,-0.0324241071704458,-0.0023491434550222,0.112929097119369,-0.2015057332254189,-0.0237655395635058,0.1041391640587998,0.1015343254289706
2003-09-30 00:00:00+00:00,0.1167075020428545,0.3965652034018416,-0.0097419518579577,0.309090874411843,0.3782324334389229,0.4937285858261169,0.0726332873774453,0.4477161391231468,0.0739221809597201,0.2424950939207535,0.3256705922151111,0.5475231799732716,0.4297345621669024,0.0652461193146662,0.1679049232929212,0.1458221846283094,0.1420241730398703,0.1241106066354191,0.2387560133047752,0.0994982405516424,0.0207864181575467,0.0150769365093257,0.1726169297763888,0.6261335716333558,0.0801772515430898,0.1122876288454195,0.0070641091181848,-0.0689673707746736,0.1861994252983998,0.1178134655657843,0.0268449196073219,-0.1348227136517776
2003-12-31 00:00:00+00:00,0.1615253200152564,0.0545453571595155,0.10529892528375899,-0.1451388371027532,0.1688824517424334,0.0152671605680287,0.2130551536869411,-0.0163356899455049,0.0906311035185036,-0.1147343760426204,0.029931422192950002,0.2929612940277861,0.4482179131862667,0.0239994048858396,0.07024931301499099,0.0640637308813214,-0.0385623471018985,0.0609284580115607,0.1441006010054097,0.0863285449064474,0.0539828775696549,0.1076618105960578,0.008524669101186998,0.1093751610925837,0.0970566151908005,0.1736043720252726,0.4262460132091643,0.0707444620391386,-0.077776827983883,0.0194091602520982,0.0143863974798144,0.0486752124644036
2004-03-31 00:00:00+00:00,0.1705167344216605,0.2008113427139219,0.1809282632836726,-0.1470349600258631,0.0294080036633539,0.32631572456193897,-0.0175882091307926,0.0963855152300954,-0.0321181354219767,0.1828180903478597,0.176436213329596,0.2091679212300425,0.1468107459821541,0.0908385116449497,0.0794375050903679,0.0133607728333846,0.0313726837606489,0.0814009946879286,-0.0029920735290913,0.1052985108945065,0.0391630859058582,0.1669723655348876,0.0678555428018299,0.1036215586392215,0.1927369002727272,0.1219590542809216,0.3595952271559213,0.041998717348437,0.2124406393731275,0.1859125070768825,0.1908700767615934,0.22084357439895605
2004-06-30 00:00:00+00:00,0.0690217880312318,0.0101350489991902,-0.0234507082405166,-0.0819047292073568,0.0232020061176279,0.1451247994256328,0.0308500907824094,-0.1309770769197999,-0.0863387580772431,-0.0392597493105574,-0.0763924395272112,0.2850828131164256,-0.0157483284611908,0.1526311925030474,-0.0187827638124602,0.0680540107135174,0.0379722591520654,0.1689323442379124,0.025196885727747996,0.0499607111319688,0.0472627791070423,0.1070842913788483,-0.0142119387294789,0.0510487768377048,0.1179558412336947,0.1339688646382222,0.8429913446280968,0.0374604356836607,0.0554699613372531,0.0327245336699679,0.0555656496804628,0.2616685327939481
2004-09-30 00:00:00+00:00,0.1291434698101632,0.2151096173120945,0.0925787570985814,0.114107820396224,0.0997732035463447,0.1346534262684198,0.1398619787719297,-0.0393027891160143,0.1415472113077511,-0.0076285959252098,-0.071199494459927,-0.0179474516483498,0.0513548660932718,-0.1492669433684545,-0.0047277138096364,0.0783953481963108,-0.0481111875885396,-0.0661407379080345,0.0407083760925073,-0.0788813265929438,0.039200628293317004,0.0833036789213648,0.0578489653940512,0.3226361749491864,-0.097190514879467,-0.0539559088170358,0.6068205728976008,0.0862974945470391,-0.0087729260172291,0.0710776054275694,0.1188247743997463,0.2943306757693258
2004-12-31 00:00:00+00:00,0.0156777817102193,-0.0855528811292769,-0.09202293117834,-0.013966445225972,-0.0456556927556484,-0.1535776808920865,0.0893943167845594,-0.4108858375533393,-0.0103622636845572,0.1093593993908712,-0.003608164573862,0.0136032228647637,-0.1978399892163749,0.1485827218335165,0.0050705222038651,0.0725399462046456,0.0987900616603298,0.1304149090150188,-0.0642920774272026,0.1183697891207258,0.0502185037118962,0.0696352653617662,0.1364247758619465,-0.000655917810498,0.1744359250793752,0.0986459910094439,0.0195759297262709,0.0270030390813649,-0.0215233967242231,0.16336744379484602,0.10658070578713301,0.0884961590717803
2005-03-31 00:00:00+00:00,0.1089917632230077,0.0813207157879443,0.0385787722381107,-0.033050082759838,0.08818762441666499,0.4020619225661666,0.2343053014276221,0.1721014778612217,0.0549672389546118,-0.012693255423931002,0.1494998181727926,0.2242576104223996,0.1334150841170269,0.1601928267182177,0.0533888966294695,0.0012864473734346,0.0876710139598209,0.1420492135455289,0.2497637233435687,-0.0241529488571105,0.0903604314447241,0.0095647656564454,0.0808229003230289,0.1916015566203146,0.1089241519326389,0.1053005955799184,0.4695968080181778,0.0794332902874757,0.1421276206551986,-0.048825611078342004,0.0062972264775436,0.0619298975971185
2005-06-30 00:00:00+00:00,-0.0814242160180573,-0.0792665448378298,0.0381970579074417,-0.1113280678837315,-0.0251304956063865,0.1775734515029274,0.0823974853311912,-0.0674909570448575,-0.0951972823197939,-0.0596115856214495,0.0374750868358952,-0.18017771149804399,0.1430885550469918,0.1407051633547635,0.0579419103756764,0.1109203621160714,0.0957286223013618,-0.052013489663076,-0.0069574504864453,-0.1119258152224651,-0.0493005343003827,-0.0057767010848813,-0.0506265861569331,-0.0005508119030267,-0.1208274892650184,0.0257066050826364,0.5996215410133512,0.0823173118260334,-0.0790672233008831,0.1732948727589691,0.3177641171816676,0.8082070842458411
2005-09-30 00:00:00+00:00,-0.0706756201662807,-0.0377939784581745,-0.1376843416444396,0.7945054108963259,0.09866681495698199,0.2257258762966161,-0.1476932338952183,-0.0801105377005363,0.0277101654467346,0.0296053969779148,-0.0775365690554049,0.10361179603554,0.1584785865776237,0.0651417921289563,0.1107285906875676,0.0520620938283602,0.0731643875485157,0.1267750558163871,-0.0617867088590793,-0.0432555590986375,-0.0845516026499755,0.0845889602646248,0.023458245443787003,0.1531676056420778,0.1664171680095658,0.1370134881522338,0.4441038243332318,-0.1094021960154963,-0.1223434300580629,-0.0308187643444294,0.0781247826533599,0.0463162801000489
2005-12-31 00:00:00+00:00,0.0527624333316645,0.4250944760262984,-0.0005806683738398,0.48867113163006604,0.0757826904288392,0.5020377927107409,0.0755711620693866,0.1411411672859344,0.035032107469922004,0.0193424306604399,0.0285812307015675,-0.1078677890711586,-0.0621812804899346,-0.0829546068937967,0.0386815167069127,0.1428398261971881,0.1298796214672504,0.1344816254076903,0.1424736374112138,0.0744964266453647,-0.0362904188499787,-0.0709590049511905,0.0381851593255488,0.18490223992407395,0.1471561890996657,0.0627732201304416,0.1144092319666323,-0.0157994530451625,0.0804527341435334,0.1397128234704494,0.172724918858365,0.4304020730165678
2006-03-31 00:00:00+00:00,0.0724733890466204,0.0494645214399984,0.09653395461355099,0.1476758630791983,-0.0239969415388476,0.2396133111907961,0.25882352867845104,0.0768420570775081,0.0556348363066545,0.05004385381507401,0.0449320809243061,0.0414113259406043,0.1636957457283525,0.2792646365207969,-0.0065402740801946,-0.0222398389418221,-0.11349530626471199,0.2280153454040188,0.1975559849074066,0.0919128952036341,-0.024691605617529,0.0417062241827137,0.0856419454070611,0.1008064532257528,-0.005050161581685001,0.0512448642803047,0.7534368436365388,0.052578586468972,-0.1607537977692441,-0.0759859387209033,-0.1181822126599076,-0.0623538692481511
2006-06-30 00:00:00+00:00,0.1030862874626068,0.0331918159980442,-0.0352721957119411,0.2849461994368878,0.0052139495788574,0.4839946049429502,-0.0732087139489078,0.079667699953724,0.0303053739556251,0.1102708649242125,-0.0377683934833877,-0.0477245297872415,0.1959647225382947,0.0587165964111455,0.013297629063941004,0.0143041964111771,-0.034753494037392994,0.1497563884680888,0.1526262356556476,-0.0994705788669244,0.0199598611720817,0.10676066798350801,0.1218067630324881,0.1190476752815796,0.140821283849531,0.1347678292002434,0.5328029468675042,0.0699033384746328,0.0688454723125888,-0.0046138981182576,0.0710239689234102,0.0860916472433566
2006-09-30 00:00:00+00:00,0.0193844266010407,0.0844230164206112,0.0753212738208037,0.0200837169134853,-0.0471997496432617,-0.087205073941054,-0.1417367301163717,-0.1299230791945997,-0.1367052180029755,0.0535097202235701,0.0938882712309183,-0.0943207920677633,-0.1580755680225885,-0.031539305658774,0.0154895873864138,0.0014548382771482,0.0365470372745431,-0.2364001376334471,0.034691271546993994,-0.0815933967023894,0.0374065963815899,-0.0381699409474174,0.0532625332909078,0.0576107167505564,-0.0379139010988438,-0.01323012443342,0.5594805013321875,0.0090882495760846,0.0285039609444437,0.0848356651162594,0.0433303311160144,0.1359291311728274
2006-12-31 00:00:00+00:00,-0.0628499490627733,-0.1894893868177525,-0.0869337924979795,-0.0686354482493595,0.2297223619570396,-0.1337103445023861,0.2075718256215193,0.0145681944146041,0.1586811688913907,0.1724846814192087,0.0387772849091649,0.0025670423206709,-0.1066786656145972,0.0835247051691199,0.0841036149038558,0.1581225927466845,0.1096512238772666,0.1663849584111689,-0.0498938570228054,0.06313217649260801,0.1275782237682217,0.177647907677791,0.1391291940487262,0.1083259355411936,0.0634392244805883,0.1151175272206104,-0.3637051443967137,0.0394283272509625,0.1147157457705252,0.036106142925144996,-0.11914234356188999,-0.2376246058289128
2007-03-31 00:00:00+00:00,0.0842222746749075,0.1478834490406346,0.0695048780889624,0.0833822677063937,0.0426029210062381,0.1147121019738235,0.0789188694309543,0.3584615267240083,0.0951058135486251,0.0992051061177885,0.0900953232101984,0.135375919162705,-0.0498447785767678,-0.0524091750490325,0.1008295159435288,0.1288271012810822,0.2207357699978773,0.0955896816092749,0.0675508767355452,0.1230742140655694,0.2391280340852055,0.1407268307624851,0.3230450423919808,0.0611560772420838,0.0815018105839247,0.1627709112035824,0.0758009548357638,0.0182888933990661,0.1133530918295495,0.10832854432503698,0.1714250376089732,-0.0159545136510931
2007-06-30 00:00:00+00:00,0.121328401489509,-0.0431281195064428,-0.0191523221467917,-0.2428184450219443,0.13942892464967999,0.2821584914512405,0.0433367594259912,-0.009060014088027,-0.0677768347604286,0.1448871691532114,0.0095385657105127,-0.0277683443871109,0.1331153744870712,0.0168654767008751,0.0293487838941701,0.0966567540025522,0.1431189871492146,-0.1275816926861972,-0.0273385756307298,-0.0374603257707066,-0.0319743804292829,0.0493397504390378,0.1704299080290292,0.0260521077395707,0.0095567625742007,-0.0263234358691716,0.1627358393090496,0.0010326119029866,-0.0771096153262406,0.0619715621334642,0.0061149305857759,0.3001076833498404
2007-09-30 00:00:00+00:00,0.13415778697471903,0.004775871010463,0.1601064699862002,0.0161059000354095,0.0979096540188599,-0.0722675425825699,-0.0357743487125923,0.0239999680292037,0.0755711867804596,0.0734283670623596,0.0287440550793935,0.0140300587880122,0.0007713181061461,0.0825345231435619,-0.087031202711956,-0.0190579943652311,-0.0761594040208184,0.0136144210251785,0.0537123233614775,0.0109968422078869,0.1260963146850491,0.0176119002779102,-0.0732053946979448,0.1061808589419217,-0.0040427540378236,-0.1709019261155141,0.1270283137500063,-0.0213241185417853,0.115972072662025,0.1461469705235401,0.1800735330464511,0.1457095727609412
2007-12-31 00:00:00+00:00,0.0683601334529562,-0.1753600599541013,0.0824645636282077,0.3730186819394303,-0.0171731943673238,0.1007561042703615,0.0956175340432761,0.0219494111238307,0.0045172444282575,0.0207935760066069,-0.0775125655462742,-0.0631091764486657,-0.0994602468816603,-0.0218769520154042,0.0299582969708727,-0.0190236595888315,0.0921412075980749,-0.1504555250426276,0.0879894049393572,0.0304553466724297,0.0211620616996812,-0.0076933943554897,0.1379365123018545,0.0231862271804994,-0.0198774416983077,0.0287814492629145,0.2902137830882594,-0.0100249893410272,-0.0454423386546809,0.1169590821800823,0.0977394484934959,-0.0901986709852126
2008-03-31 00:00:00+00:00,-0.0653846431963131,-0.1573151841302974,-0.1218191456826689,-0.406105698040187,0.0242238301198536,0.0784345652043294,-0.0520454753528941,-0.0826355517712548,0.1869818612811149,-0.0181352605715232,-0.03672619333972,0.0433675735329734,-0.2679794956745632,-0.3776539375559324,0.0526575920562264,0.0465170374517045,0.0725067721320922,-0.3323022063189329,-0.054877922569466,-0.1647871898310136,-0.1174523302582138,-0.1416064881476274,-0.0725992152784322,-0.0654884598733394,0.0687408794746031,-0.0791677479366586,-0.2470795119848662,0.0509194833777222,-0.0970010493777433,-0.0037219760496624,0.0106074930547956,0.0315808350265451
2008-06-30 00:00:00+00:00,-0.1209224674524022,0.033699414815846,-0.0106108973599629,0.0976242015603676,0.0419774220553026,-0.1205747733190667,-0.1069287744514234,-0.0789683181832837,-0.1591532624608305,-0.024604791977881003,-0.0245723208839756,-0.1280239106035006,0.1763156898105138,0.29811147619583694,-0.0561559976354305,-0.1100323393868989,-0.0152471235289929,0.0586495494062502,-0.2218433674516996,0.0522380350401332,-0.0447529039229044,-0.0323836085774341,-0.0899918321652758,-0.0310381712403218,-0.0371388844041796,0.2849267053048556,-0.0822138701720894,-0.0940954366480882,0.0487875898790555,-0.0652190764991433,-0.1105903269602388,-0.2510298097911835
2008-09-30 00:00:00+00:00,0.0364513947665268,-0.0879863008290604,-0.1363383966567316,0.3502558669548883,0.0747982862671325,-0.2393464601671258,0.0840268743118184,0.0267126610809811,-0.0857995003398198,-0.1449264505152649,-0.0215669448666994,-0.3856634920602337,-0.2734279481883902,-0.0621401037118977,0.0130552226645621,0.0701127546953046,0.0195305912289651,-0.0814083666802381,0.0762621161700449,0.0025861849241164,-0.1190724095456702,-0.0957668421873115,0.0830463742600129,0.0155154989910284,0.0115222127402843,-0.1339728965587345,-0.2909411263853816,-0.0785813162260429,-0.1733157408166906,0.1499132196939936,0.2213153116457316,-0.2197654383893685
2008-12-31 00:00:00+00:00,-0.3482919551997808,0.0017278187498435,-0.0274311550817243,-0.0483823894190909,0.0419852338932382,-0.1824623938509377,-0.0559683525619073,-0.1661770498174972,-0.010584244370674,-0.1425611692295698,-0.1413554004995636,-0.0242699986049864,0.3985634501703958,-0.0934674998187209,0.0131374355890365,-0.1140946283918642,-0.2305602459071829,-0.054519765311364994,0.21017683274202303,0.0450317681181908,-0.0003177516051934,0.1867171806417717,-0.2464311148649322,-0.1170523760157091,0.1471136304293401,0.2227247775377265,0.11067586008601599,0.1946360138866605,0.0117703882749227,-0.1640919202693428,-0.2470742037837779,-0.2715725037645676
2009-03-31 00:00:00+00:00,-0.0397866930042953,-0.0981155636268465,-0.1145588362438031,-0.0600306554432397,-0.1705492736496963,-0.2957746129611268,-0.3961174946804886,-0.0473075236213167,-0.2270492512145571,0.0693493742189894,-0.2436388350987877,-0.2963311175997521,-0.1015167637158666,0.0316951467643547,-0.0591104164062934,-0.1318088544481443,0.0388476689848209,-0.3038126432066722,-0.43323323803986996,0.0369754135946323,-0.2095017775349982,0.0477300283026653,-0.2255682652049555,-0.1574100862233168,-0.4710768906083995,-0.22328068403025894,0.1153476441337928,-0.0879211266244015,-0.1464526091051349,-0.0610386596903944,-0.2168484061941608,-0.1998520626683982
2009-06-30 00:00:00+00:00,-0.2678771501227608,-0.1399371000431039,-0.1349780097185137,-0.0720104579134426,-0.0753991145112615,-0.0246153611403244,-0.0460469744662199,0.1119914895777958,-0.0436597360629082,-0.1017365704449951,-0.1523959043465306,-0.4191178075262736,0.00707910191276,0.1896699889026971,-0.0200751483758767,0.078043694718805,0.000149594889284,-0.0237148399408976,0.0541958264134303,-0.3342999756022456,0.0225407387104876,-0.1229483091503109,-0.0209987279610748,0.0447168766546302,-0.3662609384507144,-0.2682729606919217,0.04021846021710399,-0.07121075891192799,0.0065408308675185,-0.0992059938148789,-0.26622601980146604,-0.2019281186330206
2009-09-30 00:00:00+00:00,0.2212226750282133,0.3003828489732192,0.2096674960041584,0.2134832137914166,0.046573949637189006,0.0977917777030348,0.3051002296114324,-0.0660332275547644,0.2528570307696516,-0.0126356986593613,0.3609723852902016,0.6398162173759631,0.1424709757558309,-0.0183022527827209,0.0118995901844694,0.0740981327244265,0.1223548987994485,0.2541835914825656,-0.0824528773044699,0.2850622245611252,0.0626957391073701,0.0388444330523347,0.1508311515053793,0.0034876094959281,0.0022642662630465,0.2249501825717987,-0.1386355677704531,0.1000392811651162,0.1605555224733712,-0.0166412044158587,0.0676476099549689,-0.0479228071041518
2009-12-31 00:00:00+00:00,0.2249420641295669,0.0255009929938128,0.2031569785264331,-0.0101273806397719,0.0611870683831341,0.1451149061076124,0.1228192769192046,0.1169887718673254,0.0407614114242522,0.0856502260124036,0.1300320974051474,0.6196487922869214,0.1197350119341496,-0.0193776617994969,0.08675354686384,0.0093386306794562,-0.048572512830713004,-0.2393526892590948,0.310559400636589,0.1335665749070751,0.1458332595882894,0.11134055274393499,0.2705863914637718,0.1178513057332002,0.4767119012973506,0.1032414117782181,0.15036851602094597,0.0272158137074214,0.1121274655241464,0.0447775016285254,0.0932317141375418,0.0990279422414011
2010-03-31 00:00:00+00:00,0.1805435167444131,0.1325640978002977,0.1517708788544423,0.29318920965848805,0.0517568118334221,-0.0627352588660453,0.1525792355764021,0.0218579904187863,0.2494691598240801,0.0959450712970326,0.0949742358454335,0.1178511917013456,0.1272186652604026,0.0637572586230614,0.1196519630969192,0.1289281521936809,-0.0002093901640758,0.3430992221768931,0.0860445173463104,-0.0519878276820777,0.13488349838414398,0.0419584030037678,0.1739203763684098,0.2283786126241824,0.2076339250067664,0.1084728129798375,0.0947602214788985,0.0748399393216587,0.10239086084564998,0.1590734215524172,0.1669558504132193,-0.0498824581066288
2010-06-30 00:00:00+00:00,0.1915679052134939,0.1298545371722639,0.0166296550641127,-0.0766275559613222,0.003865115870461,0.2402945921749553,-0.0363979096405288,0.0049019028692081,-0.0534293048356563,-0.0682048664963269,-0.0147066146270329,0.3112400604301859,0.1163152030268788,0.2806154391674988,0.0120355964035299,-0.0859287883999938,-0.0729122025745306,0.0811752307967281,0.1211109730560067,0.1113531330219421,0.1544768200701842,0.1129442479440379,0.1293168309231771,-0.0174880269606654,0.075985217421338,0.1617253967887744,0.1074338967441586,0.0551624519365694,0.1012781528437281,-0.020693087837623,-0.0005138737134824,0.1221777927332048
2010-09-30 00:00:00+00:00,-0.1453889834603932,-0.2254530982963726,-0.05731714355154099,-0.2093023147229017,-0.2884929892754484,-0.2590394477356128,-0.2540571182044837,-0.0847006612875204,-0.202177513121937,-0.0476618184274484,-0.1116443978760735,-0.3062370157864768,0.0330487916788024,-0.11398288802706698,0.0079281657657941,-0.0768963556977604,0.0125975129052686,-0.3225433586853158,-0.1033185951449582,0.0079633976256081,-0.1182092141045044,0.0295091279884027,-0.0736431987424276,0.0325526607828547,-0.0630621315968079,-0.0380796172921968,-0.097241368787042,-0.024737557511104,-0.0700755262650868,-0.1118778301852168,-0.0508699074767072,-0.135715162094111
2010-12-31 00:00:00+00:00,0.28760557305307,0.1157179997325856,0.1224753224833887,0.0656346434043351,0.1658587286531154,0.1740714768157807,-0.0146286343541106,0.2063953660298241,0.0582928653233354,0.2112411085809247,0.1618564788564203,0.3617386855330622,0.2828428830885185,0.1058132372910689,0.1754455345199148,0.1749918585505276,0.1218742544699562,0.2802869031219861,0.0773950195477963,0.0857214210744792,0.1599004749527677,0.0641192485191881,0.1981243359955489,0.17078694432892003,0.12610349406267699,0.1209223201170672,0.1958236496656675,0.0861271026750423,-0.0410415777675112,0.2257905607698314,0.1960403164056601,0.0256389545326241
2011-03-31 00:00:00+00:00,0.2641443360555584,0.1932834111966648,-0.0032602339911538,0.0456131200767462,0.067555517528838,0.1861042086733952,0.1910925150471434,0.0839357503858169,0.1547132781355411,0.0497329488151845,0.1709530463052513,0.4934290063385336,0.2572298484345305,0.0940205978649861,0.0160551561586097,-0.0241267208967783,-0.0307626458094926,0.0699323731054333,0.276589821091987,0.1381737201979083,0.1461882509891667,0.1502809768713406,0.1849676691010031,0.0001938966932255,0.0551614023982225,0.0651313288832424,0.1403323368491751,-0.0735724683110101,0.0317009018652572,0.1315042804656045,0.1900644212589171,0.3489873013102764
2011-06-30 00:00:00+00:00,0.0853951112520055,0.0079628164257565,0.0795031545881561,0.3223116958358325,0.0727303387747571,0.1553346853029518,0.0917225582585572,0.0292701342062522,-0.0839668005127224,0.0519961090136462,0.0685243837930065,-0.1445632666874811,0.24269952351576002,0.0492532772308853,0.0558495086885342,0.0353015415692683,0.0818329984441317,0.2904579216498126,0.1740263354275273,0.0575853373955168,0.1327012156402121,0.0119463949455989,0.0791481446791368,0.0135583213300156,0.0588868555232851,0.0799764060164536,0.1391222200127135,0.1608963878469884,0.0653882337973656,0.1870207548598939,0.1780163940813186,0.2662633695231744
2011-09-30 00:00:00+00:00,-0.0521423817702486,-0.109098575130339,0.0441292679519147,0.08636269378385499,0.123221543963909,-0.08193750355091499,-0.0769906080946849,-0.0665946845119793,0.0278865800852414,0.054167330203774997,-0.0031650322461457,-0.0362482412760325,0.1130556015480557,0.0923148392557471,0.0430229844374756,0.001805048286964,0.0501959045167912,0.1325568140654731,-0.1508030173366609,-0.0563572124936712,0.0360818020237345,0.0078105117938798,0.1756731430671156,0.0372631011664659,0.0133396107027996,0.0522412051407892,0.3709838036073656,-0.0288679802399206,0.0968078184494174,-0.0316200977024063,-0.0389793416524754,-0.1392932466506889
2011-12-31 00:00:00+00:00,-0.3463001155415723,-0.2468300919114064,-0.2613198919021405,-0.2168278320898674,-0.10361049183100801,-0.2983235177301122,-0.2622898914577702,-0.0948708431495952,-0.05131369578328401,-0.0948182863196961,-0.2576730939313408,-0.489501686254353,-0.1101503567898271,-0.2068934122269913,-0.0143469405295189,-0.0582821047943209,-0.0821090384025207,-0.2548069197549463,-0.2581223405793158,-0.1000995371776649,-0.1339605638697834,-0.1339457801910343,-0.4446006886213109,-0.0261606611821566,-0.2706304057474147,-0.07935881118418599,-0.0462752891589783,-0.0467984113549527,-0.0644236587680332,-0.1295986017335176,-0.1891052869021624,-0.3326416107073544
2012-03-31 00:00:00+00:00,0.3417491567530408,0.3982458038188681,0.1853928924757686,-0.2040010322010745,-0.0523533708573482,0.2536894396684028,0.2282888827898195,0.1499787200999525,0.0995347045108054,0.1009756377460873,0.2593544716937173,0.2996297274085642,0.1551296409912423,0.0859175872763049,0.1200720055430513,0.1105802681707106,0.1263236684484956,0.2198490359370493,0.3349624066883176,0.3162888012445144,-0.0461532358413102,0.2374779653497813,0.3567143311194587,0.1191670217336657,0.2118559708571816,0.2874254707598671,0.1597290809409035,0.0551116983946826,0.1050412035875862,0.2376781393426388,0.2280469473810922,0.2264136508079359
2012-06-30 00:00:00+00:00,0.1095843311017936,0.0798554468280952,0.0759658041766704,0.2559726998813219,0.1991136458012974,0.2208520459842078,0.2145607677141752,0.1459800136150348,0.2141418937383237,0.0554460664370202,0.1158822720094308,0.1286720248637822,0.3243874499807959,0.1590084005454288,0.033242726617317996,0.1265691981119594,0.0593642919303807,0.2092144820238981,0.1441148619910368,0.0862552442382686,0.1334074037405554,0.2114294097642084,0.2400606012998725,0.0884207776402541,0.0739283517286411,0.0355652918478723,0.3688649922495659,0.0356368536464377,0.0189334129999714,-0.011234271741267999,0.0457993874690343,0.2656554045193939
2012-09-30 00:00:00+00:00,-0.2109132846306658,-0.0701849081898318,0.0074893846850692,0.3725296937150506,-0.1000564072622059,-0.1533517009774855,-0.0723343539205687,-0.0472033940322003,-0.047366744170751006,0.17267276324134198,-0.0089933848404524,-0.0940843527506741,-0.0847897598219399,-0.0021671700780205,0.143851638854987,0.1453254909121104,0.1237215992167244,-0.1325521731004838,-0.0521079807555928,-0.0007609655713058,-0.0833136309685926,0.2084236899817448,-0.0734528067174622,0.1242760432068244,-0.0018043013737729,0.053884232959087994,0.1811719302526837,0.0521209480551261,-0.0187686568204415,-0.013732713316768,-0.0368135591387308,-0.0748036464649969
2012-12-31 00:00:00+00:00,0.2128074694811237,-0.0709943063237261,0.0515715100870479,0.0158386830753571,0.1242600412681051,0.1062906197238253,0.0133581958223196,0.0984051471360611,-0.0286204315658766,0.0600824035665932,0.0573237468747989,0.1616574679529439,0.1705359165173683,0.1072995370036593,-0.0585778332244258,-0.0599124790460415,0.0280485736183784,0.2155382030577384,0.0684318577555047,0.0170560840988691,0.1207893558296053,0.1236200996587379,-0.1213444147449038,-0.0027707494472682,0.0073723616892897,-0.03535252216879899,-0.2641080035798369,0.008458126774939,0.0868952756157053,0.1164618149095171,0.0422628633451194,0.3362711899433059
2013-03-31 00:00:00+00:00,0.2073334736432641,0.2439960417071069,0.0227081479650832,-0.2266122858262702,0.1336326678302639,0.0034313576535871,0.1753525876149568,-0.0027803569835537,-0.0557153088607278,-0.0585425672307721,0.0018067864503958,0.1677841890194982,-0.0606128208284494,-0.1762504423354414,0.0122371391590339,0.1260679510797493,0.0142475628231328,0.173492063710883,0.0924843203938665,0.0035055092503297,0.1343845058223653,0.0599386927346179,0.22420123174928602,0.1157987747238127,-0.0212135526092309,0.0594988437952817,-0.0145376144175169,0.0338649518798725,0.0932314947398702,-0.0503894487266847,0.0433835205962622,0.1108854396016845
2013-06-30 00:00:00+00:00,0.0911091537250834,0.1529286524099888,0.12157039244567501,0.237113358815918,0.0756275552395453,0.1148021719735281,0.1314554224170276,0.0982032869739664,0.044419713682912004,0.0825099902693546,0.1522005473026644,-0.0751594220708828,0.1213285953628353,0.1334549961664362,0.1397662439968501,0.1162465379212414,0.108821556071996,0.0237023995416449,0.1453066518398467,0.1720166598914143,0.1093014012473827,0.0728715057221154,-0.0431175787089433,-0.0164451361758453,0.0118979563606529,0.0518623097223498,-0.121150636689743,0.1994819504180158,0.1929224220965584,0.0919578955301851,0.0330828404657914,0.2729937512006057
2013-09-30 00:00:00+00:00,0.0943848078716207,-0.0997996492414382,0.0405416941703264,0.4894444500958477,-0.0241294284362969,-0.1424189326670819,0.0659290119855182,0.0152327476419091,0.2093999807549791,-0.0372621037333162,0.0721117238735953,0.0533061372834406,0.1348885695770996,0.0048331547435995,-0.045814771612659004,0.0156577947659963,0.04459824016724,0.1651034535444306,-0.0457086542157871,0.0816944406452424,0.036898664870048,0.0684642389616398,0.0321636001343412,-0.0673458561250379,-0.0587469549359972,0.0040932699465516,0.2761226378776276,-0.0422861421214421,-0.0073234777000636,0.0035978021043481,0.0228983777948237,-0.1627247121434885
2013-12-31 00:00:00+00:00,0.0441155743373653,0.1725695439642933,0.10037254381236099,-0.042397160874932,-0.0573027942422819,0.0648952722313815,0.1338667474484882,0.0514031227519493,-0.0158139999735009,-0.0188113357445577,0.0196102065527195,0.1440068581942444,0.1757661542739221,-0.0646221774362026,0.0139281855648567,0.0672563969868857,0.0061956605221875,0.1666859550082371,-0.0318080191782857,0.0090667353304614,0.0654904232152009,0.0362099358819874,0.014269530654293,0.0322835000314474,-0.0126037875679233,0.0809048921465271,-0.1351528911383183,-0.0117855779780012,-0.125063419608954,0.0272269129101279,0.1560508923163495,-0.0059470639303224
2014-03-31 00:00:00+00:00,0.1007015158158779,0.0625781304132915,0.1604056961834206,-0.041417748001147,0.0627797848526525,0.0527831273232082,0.1308411323750147,0.0681817654850345,0.1150035388364147,0.0444320588768807,0.1709609486475214,0.2183592802164149,0.1269385812955459,0.15166028845880403,0.0152228545057655,0.0435537153900518,0.0603321073598699,0.0889729166613904,0.2341148099449723,0.0501288593410687,0.0414108044330678,-0.0087488971623677,-0.0051999741727543,0.07679217782609798,-0.0014786468092167,-0.0764346168913554,0.2695816608226016,0.1187739101155922,0.1089049111911251,0.0318362761589481,0.0062390200876492,0.48125563920359404
2014-06-30 00:00:00+00:00,0.0103631695888193,0.0355645555170403,-0.0050885230668336,-0.0265474608677069,0.0723613565359813,-0.0072926090937756,0.1119918921760296,-0.0450272087400173,0.1229976145833224,0.0218117047945602,-0.0169390602474387,0.1955177978013402,-0.0642924041594262,-0.0243027714683619,0.1543029565090106,0.0982221690549201,0.1349133795081896,0.0487001408725236,0.0814174425047724,0.0458952389103453,0.130377622332795,0.0944738318478191,0.0568576062877075,0.0271871312610885,0.1393580300729435,0.1474714430911714,0.0639413345493751,-0.0278815021221698,-0.0748653313350159,-0.0328896588361588,0.0183694045515327,0.1188229929803244
2014-09-30 00:00:00+00:00,0.027918447100155,0.1343002238783817,0.0653107534587074,0.3336579214014221,0.0083069480643562,0.1845729303801131,0.1073866494506732,0.0134715149823723,0.0179960971635559,0.0287690191327214,-0.0005723645778206,0.0007173623360234,-0.1462254511122569,-0.0922833059365799,0.0061076784400679,0.0798020534660834,0.0774942385367074,0.1183423054278751,-0.078945859680848,-0.0064297886395358,0.0944429473818095,0.0443569906575607,0.0894760158868526,0.1078991376501656,0.0926756050838299,0.0236324051879572,-0.012807959611136,0.0462842865466475,-0.0157481058049727,0.1063383361908683,0.23557343838814396,-0.0893645277914837
2014-12-31 00:00:00+00:00,-0.18404212307885104,0.0044443710980046,-0.0314757998310419,0.1189358550585353,-0.0236705547053499,-0.0759689590090066,-0.0749212581927688,0.0102249881595186,0.1030968601651181,0.0022912736898428,-0.0541619273549985,0.1500066718623391,-0.0093827392841707,0.1156438350671515,-0.0621090217176959,0.0215711322357872,-0.0635569710949598,0.0315903665222854,0.0267050572599936,-0.0433080068330062,-0.10029519296170698,0.0335161868649438,-0.1952761926003287,0.0456155830477906,-0.0377918538234628,-0.0288496432588651,0.2907043346008473,0.0544810987178048,0.1082832032530405,-0.0910833153751774,-0.1216239611492808,-0.0890269410991433
2015-03-31 00:00:00+00:00,0.0915737963277736,0.2041469138907461,0.1850880377722368,0.1475058246603657,0.0324571340791612,0.1065435818758997,0.0710689274103899,0.0905869932917506,0.025161893471752995,-0.0141845939007648,0.1332445422342285,0.3010651711467802,0.2964280464115465,0.1593492158177296,0.2409828029339316,0.0734423838608913,0.1395127636664137,0.0383087670310464,0.0974131122382613,0.056116894643297006,0.0762670814390522,0.2306958785303583,0.0484931357397231,0.070630233494507,0.2208227830353963,0.1381063752079754,0.1947420888748205,0.0962556456908585,0.0907749664002832,-0.0342197418127673,-0.0719771792804822,0.1101132320248023
2015-06-30 00:00:00+00:00,0.0027661223239163,0.0284067055148786,-0.0032253152019628,-0.0539530300326123,-0.0715787616526656,0.2350266439549013,0.0377385056004442,0.0747100077656972,-0.1229729163399483,-0.0106103149775883,0.0295568042459664,-0.005031834646783,0.0871010189223295,0.1659329168997023,-0.0538669412676207,-0.0136737554135747,-0.0109100160760261,0.0928486774574661,-0.008939014153843999,0.0025729697229552,0.1644208962429028,0.0916287651946186,-0.1235899073889432,-0.0322060890888853,0.0860856070245175,0.0545168171973282,0.2634060457097087,0.0656162170408454,0.0360997053006231,-0.0600505873552994,-0.0756656205711576,0.2696865734488727
2015-09-30 00:00:00+00:00,0.0088669601968538,-0.0559142378187051,-0.0362156612021908,0.0838272104324351,0.0675230544208762,0.1703498749275815,0.0781937227979867,0.0846287135032213,0.0986953167036241,0.1021670416335962,-0.0939322056652531,-0.0351582115362232,0.0741415406575738,0.0494702559263633,-0.0676409240544972,-0.0940296471019219,-0.0532081172540888,0.0469020753186355,0.0660177191779614,0.0307839127042124,-0.0537787944766074,-0.0152435290409295,0.0408633947443006,-0.0165120173154508,-0.0733983113001743,-0.0365697267222745,-0.0157335537343458,-0.021298023132412,0.21813742507348002,-0.0738860573978476,-0.0366461649064705,0.023000571073561
2015-12-31 00:00:00+00:00,-0.245502811315611,-0.0828851576091443,-0.0891108829697996,-0.1502496134214462,-0.1551363069703155,0.0236034011531729,0.0347170431657442,-0.0764331215027355,0.0102175140459084,-0.0692742110597564,-0.0502051312078829,0.1421974079106891,-0.0511599213710501,-0.0181439998429165,0.1391789014312989,-0.0172896191728562,-0.0115269397593382,-0.1027728801507054,-0.1662144215630349,-0.1296307953494139,-0.0524714270946005,-0.1720566890690589,-0.1648168855284635,-0.0550841025804472,-0.0412079572939791,0.1534836719074823,-0.0022305341965609,0.0873111579151768,-0.0774369253275674,-0.1744500389423505,-0.1869581325849304,-0.0285396524660637
2016-03-31 00:00:00+00:00,0.0425293913855562,-0.0919173959881072,0.0496066723684405,0.1460411782380333,0.1391079965469448,-0.0307455030943715,0.0981492683069029,-0.0318966230229139,0.2367042435926107,0.07605055976688901,0.1238149719126329,0.0961318669795416,-0.0234586814841352,0.0343604944507625,-0.0053315900654499,-0.0261441455437105,0.0809912358732529,0.0005919964451013,0.1340253888535469,-0.0169249887130213,0.1415644637005488,0.1012071873356004,0.23708830012774101,0.0998920741485067,0.06360590264848799,0.1503003589296816,0.0755588908099764,0.09262973237708301,0.0217030984262645,0.1480106327705856,-0.0134136684397462,0.1317231479471354
2016-06-30 00:00:00+00:00,0.231183211283743,0.0287504437043408,0.1493015601691723,-0.355928050134354,0.1248393304459349,-0.0853820565845725,0.0346852495277356,0.0970614601085575,0.021332031370602002,0.1581049194415216,0.14769601078867403,-0.1613912717013587,0.0987937428559113,0.0767936522290948,0.1787166955606032,0.1451265190875617,0.1548337938674944,0.0079521608604713,-0.1481879922039571,0.1206854001344315,-0.0091503127530139,0.1328103487676131,0.1795925700891216,0.0806618116079807,0.0253798750556981,0.1349836340083929,-0.0661632450413561,0.0229357723615615,0.1086054969841281,0.0743453655001347,-0.1448399936518687,-0.0916949218231593
2016-09-30 00:00:00+00:00,-0.0446476632675462,-0.1887239453466904,0.0547894255881478,0.1085280628210985,0.0934827846826367,0.0072254338446571,0.0016813369751744,0.0911120493037247,-0.0729201103521668,0.1315377081951356,-0.0200272323047339,-0.1518561270463171,0.0098101187149142,-0.0529767613127674,0.0937277658164921,0.0787806625107185,0.1008727545986647,-0.0318473062389941,0.0218987972304054,0.0795164650313036,0.0877195679760298,0.0243199781973371,0.2520226792437681,0.0977938246102181,0.1604246469119448,-0.0717773197394717,0.1850286081067198,0.0833772569667599,0.0634346338876035,0.1166026696643538,0.1000471281877395,-0.173649716310241
2016-12-31 00:00:00+00:00,0.102735063864221,-0.0061389312902212,0.0033647151142675,-0.0108274102048328,0.0510995371201834,0.1156385299984084,0.1377465096040167,0.0955923255698296,0.1293564170554961,-0.0481576449833333,0.040475975461198,0.0863020394181965,-0.2730721947066894,-0.0171861945022128,-0.08529759371831899,-0.06774860995090701,-0.0597215385098983,0.1657058252637255,0.1974555692254429,0.0638087228193919,0.1315309753908218,-0.0584168969627821,0.0472876245900271,-0.007032600803735,0.0271598791921416,-0.1397802523735023,-0.0872723549715953,-0.0882172672130269,-0.0124797860397682,-0.0059579864212173,0.0041343377075815,0.0400988359745089
2017-03-31 00:00:00+00:00,0.0502153940238845,0.3289131689832614,0.023717928529400002,-0.1371125867075536,-0.0644535710295602,0.0326646199298892,-0.0458275125049614,0.0078085059525401,0.097226962639586,0.0722664788954914,0.0138049461090625,0.1311768228306644,0.1364782836430411,0.1851337481170796,-0.0007657236439224,-0.030389815952482,-0.0123818461237186,-0.1230848225081668,0.2045374265241601,0.0430088435023578,-0.170177128954731,-0.0015568113802268,0.0414366302336344,-0.0491695266229347,0.0481006628005225,0.0416457818347104,-0.0628986279020771,-0.02001368020802,0.0805556014278781,0.1618333660754964,0.1720638182191287,0.3436575894530334
2017-06-30 00:00:00+00:00,0.0910924373090367,-0.0536062105361463,0.0781353751723301,0.4347709684064214,0.1796541938832134,0.071730937583194,0.2523192127361633,0.2161023791002132,0.0538094581530248,-0.0187795767828843,0.014004827097843,0.1706805871469761,-0.0987208767660222,0.1637420697862746,0.0454557156493493,0.0944839578035676,0.0925461586817233,0.1761866664647486,0.0976539106838905,0.0797526393344811,0.1283446681835789,0.1271649063213396,0.1965605851902125,0.1413092702982019,0.0091055440741041,-0.0098365016440247,0.0048308608164926,0.1190905805664239,0.0200405810612429,-0.0765223835760836,-0.0176939203756324,-0.049640491772650994
2017-09-30 00:00:00+00:00,0.0647848055628312,0.0448697082043798,0.1067704288862012,0.1933922696089645,0.1551511016913045,0.0395073393252658,0.0680608656027863,-0.0011079529784121,0.0459304890588214,-0.0686772689394041,-0.0232807562799769,0.11888580804628801,-0.1901110327238298,0.1051718608770473,0.0170948261718992,0.0211180661050245,0.0923416536655923,0.0941189165225806,0.0729483829316539,0.0340331267025735,0.0299979918014945,0.1474787830712771,0.0124348018729227,0.0955966017493827,0.0998777908429222,-0.0205654268480878,0.0865385280686619,0.0003291355571992,-0.1157013469524019,-0.0038837657675416,-0.0714750270112405,0.0379659446670936
2017-12-31 00:00:00+00:00,-0.0022771917799698,0.0560485876257901,0.0197955535051013,0.1871636964801495,0.0512117794655513,-0.1723675198608595,0.0688533959045458,0.1256239214303569,0.1003009899378908,0.0440073042033919,-0.0846411224324267,0.10016370904502801,0.1518949663416349,-0.1271370167883037,0.0492087386196238,0.0308320927865646,0.0578898516904524,0.15243689783622197,0.038854644749164,0.0795644296241941,0.0761060860981508,0.0201598249288188,0.2917943299987739,0.0389524698332734,-0.0110374059257023,0.0168160168501099,0.1090104190642791,-0.0259390489038673,-0.054894559350766994,0.1158030590350649,0.1085682394047198,0.1444453221901995
2018-03-31 00:00:00+00:00,0.0245655951272123,0.0976262070681197,0.1131264781969705,0.0044669772952459,0.0661063219690214,0.1580226472659121,0.2011625930493195,0.0597437602351409,0.1577754306780934,0.0018768894958427,-0.0288386855243849,0.0153917633273903,0.2066071620488427,0.2263130852607087,0.0420977253586767,-0.0686063394449146,0.0635961072992412,0.0449272217554965,0.0539260817007283,0.0137332800919762,0.0746904637677707,0.1535297157426551,-0.0348827265266705,0.0439764061712875,0.1017957579975472,-0.0279636492828464,0.1372869020423919,0.1271513634592365,0.1325355881352834,0.0966046852920985,0.1054640052277204,0.2146715281461066
2018-06-30 00:00:00+00:00,-0.0067575714272954,0.0331057828711345,-0.0923708818841875,0.0222352613632621,-0.0534454429201866,-0.1453230626885492,0.1945976501120967,-0.0611414879793801,0.0347393990504478,-0.0732179254712558,-0.0126188341249499,-0.0294263703018841,-0.1987465414544649,-0.1215776717497929,-0.0442872122487258,0.0539159427648106,0.0544308266167008,0.0886141594007245,-0.0256960645977477,0.0857396486740751,-0.1278594718747689,-0.0749215279235535,-0.3214483898703366,0.0191312132015017,-0.0556815045682252,-0.023699650471519,-0.1130601220873469,-0.1072312221732817,-0.0381224637458226,-0.1114803153180076,0.0557236451289837,-0.0043332481648959
2018-09-30 00:00:00+00:00,-0.0267044554071506,0.1436688616545671,-0.0741359087591965,0.0850873473193691,0.1657809366535085,0.0816048506625122,0.1459393061319371,0.0697041614065214,0.1346979252612816,-0.064963277233438,0.0678289766284547,-0.100657405007229,0.2594424036429579,0.3121218729602781,0.0552982925758864,0.0573447932556987,0.0480273676961171,0.0803583633135722,0.049463946370626996,-0.0214315544790503,-0.0734702669704409,0.0675604225073041,0.0545606436254526,0.0167866011744257,0.0396865308568585,0.1456245999660061,0.0352391754190835,0.0462813603350611,-0.0183728331650743,0.1166558088369664,0.1856270118513974,0.2012803530319273
2018-12-31 00:00:00+00:00,0.1670892785687436,0.0641963627797552,0.0925341697955617,0.1294735371431095,0.0576323051187996,0.0355791019280729,0.1324919693140638,0.1327546414136067,0.1604331204008198,0.0612363429112525,-0.0903661257307741,0.2537049942966296,0.1964102860375884,0.0041316304263119,0.0315186458839595,-0.0070818604852415,-0.0054795933881575,-0.0056971620979432,0.0259096902206443,0.1583127505103436,0.1264671795814895,0.1257197474015543,0.0823791474175617,0.0010702562338316,-0.0109466336229109,-0.1115593872078342,-0.0038207921796985,0.1347398741741567,-0.0396186260080092,0.0107249773146853,0.1695301069512815,0.0498499655222881
2019-03-31 00:00:00+00:00,-0.2154374501291891,-0.1814098238747751,-0.09395352922669198,-0.1434984832810449,-0.1583172337808052,-0.0638402214457739,-0.18483423977341498,-0.1412077174515749,-0.1215565751797898,-0.1004880442406745,0.076753999190843,-0.2406408890871829,-0.0861856373922346,-0.0786796372020184,0.0219299579230076,-0.0542445399886193,0.0233871514180223,-0.1668468567023429,-0.19450012411990802,-0.0384544742376846,-0.0225460397329978,-0.139945825983018,-0.2224725671435033,0.0942304257480119,-0.0894806766018688,-0.0114930355965805,-0.1499303033003515,0.0111348313433894,-0.3585417643440489,-0.1014409722042383,-0.2033211581481779,-0.330110884737093
2019-06-30 00:00:00+00:00,0.2092653221887539,0.182837655261614,0.1175977651951394,0.1338981044339857,0.2553975989402617,0.2542946622433917,0.2119606561476128,0.3988101775847035,0.1820440102096656,0.1054477508192868,0.0214319670382279,0.1891984199127838,0.1893774454528181,0.2142664945075316,0.1649746591077225,0.1953716775163123,0.1291494784840485,0.3136121483183565,0.1268890695454616,0.1052204353423853,-0.0223698366858748,0.1076319459908201,0.0825880729299222,0.22821195933804603,0.2795837523856967,0.1295167564148704,0.0926989461311684,0.0555950296779741,0.3084491950443504,0.1400847834584642,0.0728518761217347,0.1563465304556741
2019-09-30 00:00:00+00:00,0.0202738473335115,-0.1385856235720187,-0.1695615319776177,-0.0226283614340817,-0.0013042237380926,0.0008300667496838,0.1058161677337596,0.1178871567315924,0.1441960301548461,0.0685993039764023,0.1442019975886597,0.0271837158968029,0.1384834480054357,0.0155961336647334,0.0722552435354582,0.0792074921508492,0.0777994024311572,0.077923532685961,0.0393099751276393,0.137294337017809,0.1053460856341441,0.067345389136016,-0.1604465077970472,0.0602404731886521,0.0189935007184649,0.092054505592096,0.2156531179995864,-0.0301796753974572,-0.0196824861699375,0.0090304257186251,-0.0757859777666803,-0.0143261816024801
2019-12-31 00:00:00+00:00,-0.0201480111840486,-0.0479606977287954,-0.08412574347580298,-0.0784205608998054,0.0576933215736379,0.0093303082564903,-0.09389643370105098,0.0346953745073372,0.0136089709414051,0.1415609248294727,-0.0571382974904951,-0.1075002677360557,-0.1853278060413948,-0.0308434935694258,0.1526308090923649,0.0839541213903201,0.1436723750945423,0.0183091569208657,-0.0728786007024131,-0.0120517279885197,-0.1495797191015369,0.1837363841671622,-0.0235328147543851,0.096585258926259,0.0764221314854445,0.0241372460714457,-0.12891769193900302,-0.0035604715103745,0.1039746158670336,-0.0611776042058118,-0.1095537971958112,0.0227292314194205
2020-03-31 00:00:00+00:00,0.1961328502934565,0.1871203125813749,0.1463467335314607,0.30952377700461,0.0022093843357284,0.0696384422431486,0.2263210118976146,0.0505918769476723,0.1757969867589419,0.0578173570005233,0.0306576666949349,0.2945840032243874,0.0406221070274135,-0.0331273552810146,-0.0409937482129297,0.0273691339110691,0.0339028297047159,0.2023479546598043,0.1480410918433155,0.0911495030365747,0.0550843617709926,0.0515506043667384,0.0689383882467327,0.0390728016995376,0.0497734292415628,-0.1114240521810541,0.1290323082286308,0.0159340851720135,0.1495847436159809,0.0570336541970919,0.1959220131415424,0.1263178673733114
2020-06-30 00:00:00+00:00,-0.2304330962523044,-0.3977969218378298,-0.2536352043847172,0.027477780192082003,-0.0816424423561337,-0.3719992134705189,-0.0993331996179804,-0.1183593239353344,-0.0503952474160902,-0.2653306936513339,-0.3466214635098784,-0.8067151710784408,-0.0946405474754799,-0.5868655070545971,-0.0730334492384543,-0.2973489050738483,-0.0806732975822395,-0.181045014909202,-0.3465431620321526,-0.1903714809657425,-0.2043593717767459,-0.2549327808629904,-0.2405593327947268,-0.0942232934504418,-0.1724219189696558,-0.0606800361371433,-0.1664050574860498,0.1521210821485743,-0.1093618072249037,-0.4287957264781989,-0.5443071984333884,-0.563945854167026
2020-09-30 00:00:00+00:00,0.1908668612929223,0.3584885773410824,0.1789964313903684,0.2696469939853383,0.1129802561564781,0.742201831544606,0.460144118838721,0.5631946278789441,0.3494848006994515,0.0909233627520842,0.0674831739313717,0.9724486273536932,0.5846144345553788,0.6538464095984424,0.077588173542205,0.1803648995837623,0.134658037361534,0.412256775243591,0.1438614944485008,0.2701209387508136,0.2402448795912777,0.3622618414044061,0.3933403405060591,0.2930083032937349,0.2686724769033168,0.0233645453314703,0.3000000143679751,0.2640912215061988,0.2060105277553732,0.2967667135769363,0.3891766228775297,0.3982186376857526
2020-12-31 00:00:00+00:00,0.1631592206064562,0.0266991857939031,0.0309165557954986,-0.0446066405900633,-0.0843310087381681,0.1646480086437007,0.1357404618776945,0.1025393756589991,0.040417936922400005,-0.0251225805167379,-0.0799664624627912,0.2895927571175938,0.0734400440211706,0.3780054316329251,0.1074518522920189,-0.0092519610193585,0.1540081079248492,0.056348322558531,0.0888808645496586,0.0894152131483005,-0.0266442119712719,0.1984807666763177,0.1447908391139831,-0.0831437434308761,-0.0068969091562329,0.1464660393892558,0.1803564363001359,-0.0313800291295125,0.011359360436818,-0.1847157166610125,-0.1958560753605703,-0.2736628355339846
2021-03-31 00:00:00+00:00,0.1887291819380931,0.1699562317417271,0.0917362533560779,-0.1611641823552146,0.0082528144418145,0.1020347313964367,-0.0283678267716458,0.1732461248551191,0.0272989489544077,0.0586527905202058,0.2409023901618232,0.0788710527549956,-0.0134667575391543,0.1116009720105604,-0.0744916817920093,0.0476801237143071,0.0548605180208117,-0.0030740589589075,0.2988703872700435,0.142946020100396,-0.1188510991880051,0.0492256747693258,0.7645951978257615,-0.0880484273082489,0.0530014774337981,-0.0178572660032751,0.1119292432676541,-0.0480737139425028,0.0111784111652315,0.2206257790530972,0.2351701316629244,0.4083575323542727
2021-06-30 00:00:00+00:00,0.1810288007153924,0.2758481811309408,0.1304353299241594,-0.0714379109657643,0.0557160569993437,0.0166848132587853,-0.0041208225472676,-0.0018453130205519,0.1158445235962564,0.0593714896360697,0.2582781466405679,0.2255373169834988,0.2671645502435436,0.2450354678361341,0.0407447755129726,0.0737397634440606,0.0262404406744833,0.0513683327789808,0.3497086304293859,0.0571365923357007,0.328874322717573,0.0381784700914298,-0.0098473335697429,0.0931693592146587,0.0002975682850012,0.1536347154231385,0.0083885446912843,-0.0329018614201901,0.0441488960873674,0.2660229281653843,0.3777137452628796,0.3719735702808613
2021-09-30 00:00:00+00:00,0.0822890665386064,0.1556463426346481,0.04076316334946,-0.0508354624181758,-0.0304732662520768,-0.0854183318123805,0.209769489177511,0.0899972072868386,0.1232808284114699,-0.0228844610010684,0.076070637482339,-0.0089996721231631,0.0673240294430803,0.0331994325975621,-0.0265948273960191,0.0173744223986398,-0.0156767599060212,0.1949030325738387,0.0451006042069144,0.1127171883554312,0.0815188390687591,0.1046223492295244,0.1437945644689342,0.1373517534853046,0.0804499635780588,0.2002239539896422,-0.0022985889127594,-0.0670475083800459,-0.0273629530930878,0.0166439998271998,0.1730708595693311,0.046396709038222
2021-12-31 00:00:00+00:00,0.007785326637149001,0.1613234011066076,-0.1057876729271387,-0.1081054343729095,0.0014041015060477,0.0622150829510126,-0.0124160039815386,0.0915882004418335,0.066470748069308,-0.0442419048493797,-0.0759652013835371,0.0749796599322301,0.0747861965845528,0.0604145952938408,-0.0216149784625531,-0.0477532391930766,0.0725489313645306,-0.0149553648921356,0.080380104515169,0.0892200271616932,-0.0498316191147302,0.0371236742808602,0.2745187999858156,-0.0091611536958567,0.0708380280907667,-0.0042545488209948,-0.0139331239846481,-0.0743381718605635,-0.0550573314850234,-0.0044570756546795,0.1233455591898373,-0.0402195056246472
2022-03-31 00:00:00+00:00,0.1244412950061752,0.0620334140559408,0.0141862271360135,0.2338785209220961,0.0726433885080677,0.0121849520706696,-0.0226851200071702,0.1937585300714528,0.1600223142912922,-0.0394821568171661,0.0064088231402092,-0.1245532631276243,0.1733011957669583,-0.0393212238212998,0.1050110782990334,0.0601174769379662,0.1623025039594501,0.0694638886601333,0.0900878432185936,0.096853898190566,0.0627062167735588,0.1916950481040877,0.0829892981711375,0.0794884950127108,0.1388270378327976,0.2360307599416768,0.0740988414066301,0.0709602781824787,0.0204259292379846,0.1563151142326102,0.0616133525905318,0.0611558459121404
2022-06-30 00:00:00+00:00,-0.0949892254795312,0.0420752715484447,-0.1496736851327278,0.196018493490621,-0.0924663236874187,0.0523940069904458,-0.1881389754849276,-0.07233451862556799,-0.0737572547205096,-0.031480879988715,0.1297915944059431,0.0350117617585419,-0.034090993400103,-0.1191836931826003,0.0608453869466687,0.299888519387838,-0.0597348724863208,-0.1108248330893816,0.0623958575605623,0.06153451596731099,-0.0935041080691106,-0.2456866107432631,-0.0476803017019135,-0.1027655746939181,-0.0577010343148856,0.0915590748435111,-0.1490573778038361,-0.1781140500805786,0.0095206608090068,0.3914486229043354,0.3743798344631088,0.327842919120006
2022-09-30 00:00:00+00:00,-0.1561363981238248,-0.3332001685623968,-0.1329514628272456,0.0795416641488564,-0.1633237288582374,-0.0882620679655777,-0.19579211893989398,-0.1007522804140617,-0.1591215517935515,0.1935458063211823,-0.2146826061699943,-0.578173536417141,-0.1295636972330269,-0.1132668672750855,0.0216475727368719,-0.0985090163460669,-0.0547327047775756,-0.1902051313383286,-0.1791171802781854,-0.063748501232697,-0.1060833266233561,-0.0761537909653672,-0.0864751333444069,0.0170433701028713,-0.2748963969729413,-0.1941738266116009,0.1514302444424529,0.0152243863904102,0.0230722179447038,-0.1005037644838167,-0.08433435625081699,0.0749670250394791
2022-12-31 00:00:00+00:00,0.0877083471777231,0.0265709818649408,-0.1097991482376948,0.035187195788124,-0.1464019592575496,-0.0573138961797552,-0.2259010482797712,0.0522856270144838,-0.0706100972854384,-0.2439336052494947,-0.0012252361730396,0.0651742192122579,-0.0067027268237066,0.1082101231768062,-0.0909975911079654,0.0251495306703941,0.0127078769755173,-0.0854559127050704,0.1423512305054124,0.0756081421848753,-0.2153744776994188,-0.0864569236094655,0.3360108046684753,-0.1595588167618967,-0.0190771515247741,-0.0304854541324904,-0.0583570869730039,-0.0908636475492148,-0.0386346412091959,0.0450389477963488,0.2316220755614289,0.0492001659947112
2023-03-31 00:00:00+00:00,0.1507503877331262,-0.0386751624658935,0.0943652517584643,-0.0383619807789427,-0.0776124658080461,0.1426194784249801,0.1811808475764393,0.0085178295030394,-0.0020138931872575,0.1995501853805057,0.3101164254247954,0.2958232809664269,0.1546448612085535,0.1262583523489568,0.0251066146713172,-0.0017877779453239998,0.0377600031450702,0.1046936684748292,0.0503284475737735,0.0632056515760428,0.1471828396033196,0.1193575696929403,-0.2151303224900834,0.0030612290821263,0.0086469195817009,-0.0610259816227272,0.1375322784548278,0.1055786010486175,0.1906970503495235,0.1555783019230094,0.0390174601216719,0.0763236073198441
2023-06-30 00:00:00+00:00,0.0864120767665033,0.0884330031078339,-0.134853063462188,0.1059716059115887,-0.2111143100315826,0.0665784060372693,0.1281015416847257,0.2166541896660649,0.2018925575918895,0.0496259819071038,0.162555933301524,0.31903103963165197,0.0876109421119262,0.1086550899679994,0.0096112471761706,-0.0189545101427884,-0.0795033319749054,0.1035482506220766,-0.1280604293073861,0.0350728371635742,-0.1339212225679721,-0.0506062020047825,0.0202251032228164,-0.0632132061170539,-0.1284766251320064,0.1340031008353037,0.057639202377370996,0.1110326966913446,-0.027082053513645,-0.0145847606929626,-0.0313192063972614,0.1624572277069571
2023-09-30 00:00:00+00:00,0.1824768301300829,-0.0445502262418106,-0.0180988321545221,0.0987576963236027,0.1255749190847226,-0.008935234603403,0.2765996858475048,0.1158790739993593,0.1792947400718272,-0.1568531516785799,0.0112485759768075,0.6062256620383799,-0.0809414861055656,0.0967854463232098,-0.0447022379432184,-0.0214170860495981,-0.0236421205939478,0.1411566734081397,0.1333651518536054,0.1216761473233747,-0.1107623611814555,0.1685223454760909,0.0514354098473086,-0.0149067083460388,-0.0558554374259214,-0.037772348037775,0.06289658112575,0.0302609278158669,-0.0814615929574577,-0.0659048142594382,-0.0278835736074904,-0.1444709687773182
2023-12-31 00:00:00+00:00,0.0520666458019316,-0.0403456449183947,-0.0946287111747909,0.0007479910307806,-0.1582392798350642,-0.1376157998970136,0.0740298305070248,0.0686850461690775,-0.0458851477443997,-0.0737245355397884,-0.2252505870457531,-0.1114341421310799,-0.0748075773909843,-0.1426937984403878,-0.129800543188859,-0.0933121196957237,-0.2940131576286294,-0.0849734181206258,-0.0525178340234369,0.0428679671096947,-0.1628962305410476,-0.0413394714668029,-0.2900517773675368,-0.1708880043317047,-0.1437587483544349,-0.1003136864063704,-0.0774363439566789,-0.1811010119014223,-0.2057431856156841,0.06952819126198,0.1340301023373946,0.1853234976452094
