Date,CMI,JBHT,BDX,BIO,MSFT,SWKS,OMC,T,TJX,LEG,SRE,PEG,SPGI,SCHW,EMN,PPG,FRT,MAA,CPB,MNST,OKE,CVX
2000-03-31 00:00:00+00:00,0.1958928262045545,0.0386476460818339,-0.03333288621354,-0.0904522613065326,0.2508387724524661,0.0403724400058038,0.0889227936703733,-0.0983210486578,-0.1492144417420864,-0.0351910310463173,-0.0278214282323226,0.0028751390788388,0.0388890490243996,-0.0133334728983988,0.2082711186398711,0.0378375882745605,0.0631947005345261,0.011235593817831,-0.1617444786611486,0.0,-0.089449553971743,-0.0959468897910346
2000-06-30 00:00:00+00:00,-0.2058005132475606,0.0833602632820365,0.0342734826921562,0.1823204419889503,-0.2203752144819758,0.4706469655065648,-0.0165792943649769,-0.0409782650362249,0.1747000755715095,0.0245177267164442,-0.0260409407914575,-0.1108201869423725,-0.2263237315010838,0.5393836100260399,0.0463926064287782,-0.1099249924929934,0.0403914452665612,0.0312816250790346,-0.1709750579868384,0.0289835734623205,0.0218079830232533,0.1132232198724809
2000-09-30 00:00:00+00:00,-0.2328788797218212,-0.0129309521442114,0.0496264774834314,-0.0934579439252336,-0.1196693841957949,-0.055480243171565,-0.0468272272799465,0.0481136852841419,-0.2187540435113365,-0.1810430143375038,0.0743088506528408,0.2161367084998704,0.2168517332457642,-0.1451714373443416,0.0369108267538242,-0.1269195694611939,0.1151180006038563,0.1006417276074869,-0.0441563842582695,-0.0140836341501371,0.0953224312707543,-0.0626725223480734
2000-12-31 00:00:00+00:00,0.1063658470436479,-0.1441047836299851,-0.0566766959897301,-0.0762886755245247,-0.2609380058127332,-0.2636102653218748,-0.184021375488981,0.0831298509088818,0.2183652728092755,-0.060548504521698,0.1921022547511108,0.2983870778223751,0.1985214405956659,0.0793080107344064,-0.239365218799782,-0.1332788754697139,-0.0617138152209623,0.0009276071889952,-0.1154842736430356,0.2285783136981687,0.4778364420313239,0.0168260948421086
2001-03-31 00:00:00+00:00,0.226377598717703,0.2653055643675777,0.290754468307163,0.4330356705705722,-0.2663847752474088,0.0019455701680277,0.0709741544970252,0.0128236130658248,0.2177499863499494,0.1174867858695216,0.0962211721958239,0.039110439878915,-0.1239802907743468,-0.2551256494653776,0.2916676301856309,0.16241456699035,0.0209514719503316,-0.0247187635238267,0.3714549792617192,-0.2906947383717081,0.178211518364217,-0.0009437932045175
2001-06-30 00:00:00+00:00,-0.0062493691434039,-0.0322579462688054,0.0309619101567817,0.0903427309573512,0.2867434571731382,-0.5300970034593802,0.058235351854323,-0.125455803711046,0.1487660657684331,0.1058589933126952,0.0468801485392034,-0.0454357835548945,0.0433015772588862,-0.4242134219396032,0.0635974041301217,0.0519664625484745,0.0611664907739593,0.0256259330692365,-0.149022044675081,-0.1229541812006514,-0.1293636661564406,0.0185497061826562
2001-09-30 00:00:00+00:00,0.0860609815263653,0.267333660667177,0.0274683340614703,0.3685714721679687,0.2649493445092143,0.9173548365960228,0.0473571494198181,-0.0650815170309221,0.033563932058277,0.1320964635505475,0.1959126188193769,0.1400389035046441,0.1292867957950467,0.0672339498041159,-0.0550032173389032,0.1270026638771104,0.0769846550309987,0.1687836431135949,-0.0580776280751957,0.0646550889717776,0.0007527483133129,0.0467309003801932
2001-12-31 00:00:00+00:00,-0.1942069311203798,-0.3114151645315048,0.0215445582072169,-0.0292275883357232,-0.2664303150288024,-0.3989654431585117,-0.2632738107468498,0.1543004737555904,0.02073712559403,-0.1102265627617786,-0.0888055382273258,-0.1266284250218045,-0.1389859540938677,-0.3201265122291116,-0.2153200651089797,-0.1343409070372443,0.0745195907724072,0.0266494836498192,0.0280884463863118,0.0168540680334872,-0.160297451217145,-0.0666144074513032
2002-03-31 00:00:00+00:00,0.2240332625127676,0.7211613038693039,-0.0901718135988518,0.329032241657216,0.2944587906728717,0.2673549823445882,0.4156894119758614,-0.1351545865702115,0.1980552655896301,0.1582509699189564,0.0047988870865944,0.0179714344359527,0.050218724709419,0.4325655885633945,0.1105672727272726,0.1368550022985459,0.0702333439374325,0.0409910183556985,0.0777047554587742,0.132597831847024,0.070304934729608,0.0774198220036304
2002-06-30 00:00:00+00:00,0.2143526255984023,0.2445626292723175,0.1135169943689335,0.18349515036543,-0.0993444141855334,-0.3078317074513431,0.0461475965895989,-0.073333084229579,-0.0029133886384959,0.110372643487163,0.0259622427157473,0.0660507425458998,0.1537582665941517,-0.163838937116756,0.2427184360054048,0.0703304451929711,0.1487748420377208,0.008896209106233,-0.1072029145078904,0.0365973936050925,0.1978399383974365,0.0110481130828163
2002-09-30 00:00:00+00:00,-0.3041694474325445,0.0467187693792616,-0.083872549174841,0.1812961751009689,-0.1278566351520651,-0.6141266394810122,-0.5658591323761135,-0.1748606565807922,-0.0292822275476178,-0.0559215589250907,-0.1109560206723674,-0.048898254543214,-0.1376969521597543,-0.1529753908597456,-0.0112973568600254,0.1287785182478396,0.0968546365786708,0.0566120778755572,0.0323034410480969,-0.0164667239878875,0.0449106048869016,-0.0045110620631095
2002-12-31 00:00:00+00:00,-0.2364644515194189,-0.2037477029669012,-0.1312935916898174,-0.074074090426514,-0.1221038789450799,-0.1457629433461573,0.3962978260558143,-0.297147791523157,-0.0835687759674549,-0.1218768467873102,-0.069621694816284,-0.2575123809642694,0.0770015052377905,-0.1824770809063709,-0.1292185262578498,-0.2169155644644737,-0.0093628760725197,-0.0376919274829433,-0.1548986161170553,-0.0191539907241626,-0.1028203704265634,-0.1786899974929864
2003-03-31 00:00:00+00:00,0.193640309472173,0.2618747067962688,0.081790402123101,-0.0447500228881836,0.1620155497810123,0.8353168014942449,0.1781635646354107,0.412580631452514,0.1462527308369352,0.1463173146663927,0.2107172808254913,0.0793200061538823,-0.0096272743727877,0.2798463438253884,-0.0578749600760012,0.0983290997999284,0.0641077837064332,0.0059070236991278,0.0668815405833982,0.0365973936050925,0.0208080841174087,-0.0494870680411797
2003-06-30 00:00:00+00:00,-0.1491191507313898,-0.0783319249834104,0.1117225882288237,-0.0434441216222557,-0.0905327540628895,-0.3405403479391774,-0.1762595338890289,-0.2516282811724417,-0.1409048228953245,-0.1950979477307229,0.0401286679946621,0.1472843171832609,-0.0860733612795554,-0.3354099896877017,-0.2190074184044903,-0.0964157677003343,0.1093687467712944,-0.0042383857083843,-0.1116624782513306,-0.0023491434550222,-0.0403276451514678,-0.0237655395635058
2003-09-30 00:00:00+00:00,0.4614825485956093,0.4025012316103331,0.1266455340660972,0.5471956338571036,0.0739221809597201,0.1196720095854686,0.3256705922151111,0.2424950939207535,0.0876017196214529,0.1285382564170154,0.1458221846283094,0.1568414362662133,0.1005158012210125,0.3651579783720011,0.0983421000905779,0.0835986649249982,0.076509302220731,0.165605715403772,0.1527053755545073,0.0070641091181848,0.0929212875002765,0.1178134655657843
2003-12-31 00:00:00+00:00,0.2894483399896732,0.39559353624914,-0.0575091810211675,-0.0981432239069475,0.0906311035185036,0.3923865717974333,0.02993142219295,-0.1147343760426204,0.0737645939419866,0.0603297013061427,0.0640637308813214,0.0025027709358047,0.0198306033299147,0.1950798632097254,0.0788670889460465,0.0743268126611664,0.1534644817803188,0.1458593696157846,0.1031038606920455,0.4262460132091643,0.0377496122308593,0.0194091602520982
2004-03-31 00:00:00+00:00,0.0762690464871918,0.0304510243984665,0.1152820821137474,0.1452941146551394,-0.0321181354219767,-0.0536274988067202,0.176436213329596,0.1828180903478597,0.0828378527367759,-0.0071581388130429,0.0133607728333846,0.053440239985903,0.1101341071155508,-0.0571463611835351,0.1951465527281894,0.2108422999159749,0.0451093676288758,0.1217919136483283,0.0032089059994766,0.3595952271559213,0.0783220824137682,0.1859125070768825
2004-06-30 00:00:00+00:00,0.2157318832364474,0.0339292710278824,0.2169974983410079,-0.0376647965876844,-0.0863387580772431,0.2855552730407438,-0.0763924395272112,-0.0392597493105574,0.1423923311542028,0.1228842455598675,0.0680540107135174,0.0954477438851653,0.110238991200313,0.0138969729378886,0.0915954329238728,-0.0634487704330929,0.2254916758911167,0.1185132483074298,0.0093589651754273,0.8429913446280968,0.0475754744170837,0.0327245336699679
2004-09-30 00:00:00+00:00,0.0523662065128962,0.366848549535703,-0.0076923177831187,0.0345134757695122,0.1415472113077511,-0.2817632269525665,-0.071199494459927,-0.0076285959252098,-0.0171893878076347,0.1034880778127478,0.0783953481963108,-0.1654902158330762,-0.0036424788724399,-0.2047089265211655,0.0759513908880702,0.0430601160210384,-0.1015853969128766,0.0325970664734633,-0.0046374398162717,0.6068205728976008,-0.0432207500430181,0.0710776054275694
2004-12-31 00:00:00+00:00,0.226047726939389,-0.0167966853263229,0.0763609920140622,-0.0889080283401495,-0.0103622636845572,0.2021661871813684,-0.003608164573862,0.1093593993908712,-0.0704156004700486,0.0756407031216377,0.0725399462046456,0.1126357561093394,0.0401923083424997,-0.0158501520163579,0.0565510501087593,0.0211432651386498,0.0796315906046736,0.0697597130091005,0.0026228306643767,0.0195759297262709,0.2209386045893571,0.163367443794846
2005-03-31 00:00:00+00:00,0.0972930583919877,0.1605317922337636,0.063205664816025,0.0790864224785179,0.0549672389546118,-0.1001004659933818,0.1494998181727926,-0.012693255423931,0.1098717641906465,-0.0109942519770519,0.0012864473734346,0.2032367278757112,0.143351780391328,0.2673216262922069,0.2115960339141633,0.0910882398201633,0.1653967547211263,0.0447746227423468,0.1309645907857595,0.4695968080181778,0.0721122087628882,-0.048825611078342
2005-06-30 00:00:00+00:00,-0.1363690918992819,-0.0063448955834577,0.030799857720926,-0.14797969836333,-0.0951972823197939,-0.3047828284462801,0.0374750868358952,-0.0596115856214495,-0.02365487422305,0.0563162140310391,0.1109203621160714,0.0790757436727365,-0.0412419023834865,-0.1020431425908156,0.0394505160808753,0.0535851579504609,-0.0397342803887662,-0.1005172593139956,-0.0417367808157009,0.5996215410133512,0.1242403557178517,0.1732948727589691
2005-09-30 00:00:00+00:00,0.0609966148330962,-0.1023719918200338,-0.0835821118539108,0.2112502793868353,0.0277101654467346,0.1967999954903134,-0.0775365690554049,0.0296053969779148,0.0129818130918395,-0.0780671086011427,0.0520620938283602,0.1377425660520912,0.0292868826246599,0.0865243310201577,-0.0627756599123902,-0.0989541870330221,0.2397079365685024,0.2751461716205823,0.088984508568666,0.4441038243332318,0.0773049190760908,-0.0308187643444294
2005-12-31 00:00:00+00:00,0.1806729582313966,-0.0313598052423975,0.0067834581288126,-0.0720338983050847,0.035032107469922,-0.0588235517559327,0.0285812307015675,0.0193424306604399,-0.1608251730470745,-0.238143914803105,0.1428398261971881,0.0593725683129515,0.0797045548629626,0.2765647591132807,-0.140325930858861,-0.0700527198462473,0.0245522827066324,0.0494238152193529,-0.0325877129337693,0.1144092319666323,0.0552640201340517,0.1397128234704494
2006-03-31 00:00:00+00:00,0.0366553476342972,0.2073612379602183,0.1499904600966339,0.1954337342144692,0.0556348363066545,-0.2599429822008864,0.0449320809243061,0.050043853815074,0.1334386287447617,0.2035481131588592,-0.0222398389418221,0.0434887021028149,0.0932467024062573,0.0377271606413482,0.1253084197705014,0.0049471187431158,0.0293808721618931,0.0758375054276714,0.0240780233461492,0.7534368436365388,-0.2044098775532523,-0.0759859387209033
2006-06-30 00:00:00+00:00,0.1566199425397598,-0.0286931959679733,0.0303330735647404,-0.0455308764933273,0.0303053739556251,0.3819572049228703,-0.0377683934833877,0.1102708649242125,0.0560819496835158,0.0042725894945114,0.0143041964111771,-0.0319925580030364,0.1135323062434916,0.1657662191117035,-0.0059740336742699,0.1090101548406545,0.1876914365290052,0.0698660470043686,0.0883328102996323,0.5328029468675042,0.2221992207321788,-0.0046138981182576
2006-09-30 00:00:00+00:00,0.1636899342349471,0.1643406616992315,-0.0022626819363028,0.0493036941070836,-0.1367052180029755,-0.2388888397802613,0.0938882712309183,0.0535097202235701,-0.0699217575323271,0.0333158053726994,0.0014548382771482,0.0584602473821427,-0.1218919084020725,-0.0679143941442297,0.0663275564285426,0.0465301459306624,-0.0083105879891107,0.0891321437366217,0.1617502370352017,0.5594805013321875,0.0632641921488468,0.0848356651162594
2006-12-31 00:00:00+00:00,-0.0136274212932748,-0.2010032245205216,0.1391455463159356,0.0512585881605303,0.1586811688913907,-0.0766422029289082,0.0387772849091649,0.1724846814192087,0.2553959641599761,0.0179140677376234,0.1581225927466845,-0.0882831841548629,0.1559737551530302,0.0934032987576072,0.0035658098001698,0.0171197382170931,0.0392700391546434,0.08307662593876,-0.0351606529954741,-0.3637051443967137,0.1075846647162508,0.036106142925145
2007-03-31 00:00:00+00:00,-0.0112291420552588,0.1075510879487355,0.0083773478942159,0.1931504404477682,0.0951058135486251,0.4347823059638669,0.0900953232101984,0.0992051061177885,0.0147910273988904,-0.0483578114912847,0.1288271012810822,0.1078680830687792,0.1603174750472693,0.1207532588705229,0.1165037376580995,-0.0290126274931958,0.1575224582379397,-0.0630109405784197,0.08271214689922,0.0758009548357638,0.1352140241852097,0.108328544325037
2007-06-30 00:00:00+00:00,0.2352475458698257,0.2354844601694359,0.109710866294985,-0.1513014139712009,-0.0677768347604286,-0.2134986861992609,0.0095385657105127,0.1448871691532114,-0.0531005908812324,-0.0426744384252898,0.0966567540025522,0.2961402419911816,-0.0680173936385653,-0.0587827340936606,0.0711621919461693,0.1017457353077146,0.0968516060640263,0.014605015404707,-0.007216633955674,0.1627358393090496,0.0594510659570897,0.0619715621334642
2007-09-30 00:00:00+00:00,0.4496379283172302,0.1034280160483156,-0.0335791614787785,0.1010318597748312,0.0755711867804596,0.3327500156743399,0.0287440550793935,0.0734283670623596,0.0194980331509868,0.0014814289375453,-0.0190579943652311,0.0717038556997862,0.0938077857020267,0.1890519299250712,0.0544377589271996,0.097336145601347,-0.1270180224540337,-0.0380730176979577,0.0101435626253332,0.1270283137500063,0.1493787192369882,0.1461469705235401
2007-12-31 00:00:00+00:00,0.2646226316036035,-0.1203671992551238,0.106398162650215,0.2385786983496556,0.0045172444282575,0.1826545464429363,-0.0775125655462742,0.0207935760066069,0.064433848602402,-0.1164224760694653,-0.0190236595888315,-0.0116169068054722,-0.2319072956810135,0.0710658194124969,0.0272162979021273,0.0062178210164656,0.1474217734448948,-0.0535777442861558,-0.0417731567044197,0.2902137830882594,-0.0543966023675467,0.1169590821800823
2008-03-31 00:00:00+00:00,-0.06613883338643,-0.0187511872876787,0.0522010073004659,0.0505464204864147,0.1869818612811149,-0.0722226561318598,-0.03672619333972,-0.0181352605715232,-0.0365651157858384,-0.1199574205236005,0.0465170374517045,0.0792102189951695,-0.1749568253732606,0.0992186439565232,-0.1054293392592004,-0.1017128116466552,-0.0923501911070785,-0.1406123328440416,-0.0404676135208204,-0.2470795119848662,-0.0717846057484183,-0.0037219760496624
2008-06-30 00:00:00+00:00,-0.1978213167101842,0.2758327949847774,0.0086337462912622,-0.078823694974414,-0.1591532624608305,-0.0742513213677231,-0.0245723208839756,-0.024604791977881,0.217465699282763,-0.0433923260665716,-0.1100323393868989,-0.1316694269712919,-0.0899333194415503,-0.1883976157840282,0.0682439771148402,-0.0810132482954582,0.0046630071624089,0.2627471761280058,-0.0134360185190615,-0.0822138701720894,0.0287377759548699,-0.0652190764991433
2008-09-30 00:00:00+00:00,0.3189067553357774,0.0038659787648676,-0.0459367278961437,-0.1106525704987896,-0.0857995003398198,0.2160413561653522,-0.0215669448666994,-0.1449264505152649,-0.0589883819788892,0.0414104212385129,0.0701127546953046,0.1347507585954512,0.0532418796602698,0.0515564360006062,0.0715503800242842,-0.0727460002131058,-0.1395122530280571,-0.0037984345039266,-0.0066983429226009,-0.2909411263853816,0.0888808488604961,0.1499132196939936
2008-12-31 00:00:00+00:00,-0.3411789579690492,0.0093282046285396,-0.0302887290284508,0.2119658154690769,-0.010584244370674,-0.1202128206865837,-0.1413554004995636,-0.1425611692295698,-0.0375655440909035,0.3898676824387814,-0.1140946283918642,-0.2825030201800632,-0.2274878574160156,0.1701899885700604,-0.1958536619673921,0.0156530889109209,0.2238050189349238,-0.0719113799770752,0.1864658530749159,0.110675860086016,-0.296877652052394,-0.1640919202693428
2009-03-31 00:00:00+00:00,-0.3106121470182711,-0.1956262754026477,-0.1241170432163948,-0.2497481400564956,-0.2270492512145571,-0.3240628655749307,-0.2436388350987877,0.0693493742189894,-0.2932216291488683,-0.2930671523503682,-0.1318088544481443,-0.085590962184843,-0.1999761627488323,-0.333661996477167,-0.3866676593688296,-0.2397445751885986,-0.2892736784673708,-0.2666692019518714,-0.230681771358214,0.1153476441337928,-0.0970005136350533,-0.0610386596903944
2009-06-30 00:00:00+00:00,-0.0916676534820539,-0.1028383066354071,-0.0445975324589094,-0.1058144857478773,-0.0436597360629082,0.5116279708072471,-0.1523959043465306,-0.1017365704449951,0.1947038631453284,-0.1329658177565044,0.078043694718805,2.513605763976301e-05,-0.0557873341891314,-0.0395581348537853,-0.1240137029462128,-0.079494832592965,-0.2223961495133782,-0.1148595952165917,-0.0883998073853243,0.040218460217104,-0.2362486428366406,-0.0992059938148789
2009-09-30 00:00:00+00:00,0.3716635270651824,0.2897179444227158,0.0699885433633886,0.1419132767283175,0.2528570307696516,0.1881655415179279,0.3609723852902016,-0.0126356986593613,0.2258127973299915,0.1455614681694423,0.0740981327244265,0.1271189251254065,0.3421490651338872,0.1173769010634604,0.3462864342022527,0.1221458253856999,0.1619617692395125,0.2557672062703018,0.097724197222963,-0.1386355677704531,0.3287372192255484,-0.0166412044158587
2009-12-31 00:00:00+00:00,0.2027385623891628,0.0413145796478731,-0.0294457637868101,0.1688584453352986,0.0407614114242522,0.2101595523040387,0.1300320974051474,0.0856502260124036,0.1799131800316911,0.2445242122221858,0.0093386306794562,-0.060985733915255,-0.1650690870362036,0.0795052201802735,0.3666703298654372,0.3040155907882025,0.1479024830700881,0.1921353085962578,0.084178023929504,0.150368516020946,0.1966654746860534,0.0447775016285254
2010-03-31 00:00:00+00:00,0.093799359698355,0.0430691081102339,0.1565327297789185,0.1011476796914319,0.2494691598240801,0.2197531342292056,0.0949742358454335,0.0959450712970326,-0.0167748864665178,0.1294904740586266,0.1289281521936809,0.1058101243290237,0.333956079252705,0.070484538700609,0.2157937972298362,0.0812929431256808,0.1402723958332776,0.118615823618128,0.0606420855610796,0.0947602214788985,0.2925714138909245,0.1590734215524172
2010-06-30 00:00:00+00:00,0.3321604494093224,0.0813620069292817,0.0093311682446186,0.0646775725351782,-0.0534293048356563,0.0452093221431459,-0.0147066146270329,-0.0682048664963269,0.1888471167861951,0.0704479224853777,-0.0859287883999938,-0.0944155202003996,0.0663014470177527,-0.0554062398230178,0.0597174038040464,0.1070934625347477,0.0941210449344593,0.0770657055802575,0.05806309610766,0.1074338967441586,0.0361654699521423,-0.020693087837623
2010-09-30 00:00:00+00:00,0.042389451159623,-0.0690822461909004,-0.1432730320178523,-0.1813819045107295,-0.202177513121937,0.0774694353772407,-0.1116443978760735,-0.0476618184274484,0.0079870434836188,-0.0841376959426367,-0.0768963556977604,0.0458930501657075,-0.2032411138217356,-0.2489599294061957,-0.1772414268492005,-0.0745481937832037,-0.020651508879761,0.0084065731899547,0.0083017699335721,-0.097241368787042,-0.0823377000462186,-0.1118778301852168
2010-12-31 00:00:00+00:00,0.4132125571661991,0.0489221715384293,0.109991612285903,0.0701054573692168,0.0582928653233354,0.2372674564970338,0.1618564788564203,0.2112411085809247,0.041622038219927,0.1870820146966036,0.1749918585505276,0.073136358172793,0.1827029603188839,0.0176416413421964,0.4152261235391192,0.2066627124660036,0.1704552496171678,0.1620004776161183,0.0143339593901414,0.1958236496656675,0.0835280263300917,0.2257905607698314
2011-03-31 00:00:00+00:00,0.2273603446615779,0.2095507405606287,0.146151054061344,0.1538124573103274,0.1547132781355411,0.4314772401678892,0.1709530463052513,0.0497329488151845,-0.0132468076284812,0.0176000998912999,-0.0241267208967783,-0.0281920588656794,0.11600845850785,0.2432237360898936,0.1511514799516549,0.1667633130634456,-0.0146463571271174,0.1019371965656614,-0.0232821377840909,0.1403323368491751,0.2483805565658357,0.1315042804656045
2011-06-30 00:00:00+00:00,-0.0016959708171115,0.0804590218204337,-0.0441622344072788,0.1712875139365757,-0.0839668005127224,0.0639379675767568,0.0685243837930065,0.0519961090136462,0.1332927507898753,0.0566994128681894,0.0353015415692683,0.0014813175915322,0.0785841981722521,0.0610578591783181,0.1821743049655968,0.1299531394225683,0.0282041595637418,0.0200609358238283,-0.0423753089049038,0.1391222200127135,0.204460872812209,0.1870207548598939
2011-09-30 00:00:00+00:00,-0.0324708873812592,0.0674105109675704,0.1137119332077147,-0.0147535642495084,0.0278865800852414,-0.2546903855516148,-0.0031650322461457,0.054167330203775,0.0779945710378371,0.0422908596637912,0.001805048286964,0.0565889528867642,0.0883349628464347,-0.0936900169514821,0.0407654820171936,-0.0280349676049864,0.0729361433599107,0.0737971250247222,0.0521273131629449,0.3709838036073656,0.1270079394480512,-0.0316200977024063
2011-12-31 00:00:00+00:00,-0.2425619527473722,-0.2494444403167709,-0.2025503041825219,-0.2683890283105523,-0.051313695783284,-0.2764505948516494,-0.2576730939313408,-0.0948182863196961,0.0194256608623479,-0.2423419305863782,-0.0582821047943209,-0.0078735745627073,-0.05189248063863,-0.3431588847547211,-0.3368801578295173,-0.2467463247956016,-0.0697245218367573,-0.1687147521145466,-0.0494623698397678,-0.0462752891589783,-0.1369180400005321,-0.1295986017335176
2012-03-31 00:00:00+00:00,0.1285402989987709,0.2705995404169325,0.057379803615666,0.1030139884248044,0.0995347045108054,-0.0082542693162011,0.2593544716937173,0.1009756377460873,0.1835265120828233,0.258727861789729,0.1105802681707106,-0.0056381232323334,0.1500455876745774,0.076440521662018,0.1826990876288803,0.2473687951428131,0.140874036900866,0.125282673307232,0.027723251552655,0.1597290809409035,0.3646100956919198,0.2376781393426388
2012-06-30 00:00:00+00:00,0.3410887374541167,0.2210907188622433,0.0527541004805567,0.0493474331926262,0.2141418937383237,0.6474429185671062,0.1158822720094308,0.0554460664370202,0.2550829214731986,0.0141779200553988,0.1265691981119594,-0.0261188528482805,0.0718848525183839,0.2485985925106251,0.3203233391695572,0.1548282564125462,0.0759617333157027,0.0892352654933121,0.0257735290050891,0.3688649922495659,-0.0599456427070225,-0.011234271741268
2012-09-30 00:00:00+00:00,-0.2075041945332667,0.0754278217146855,-0.0265675903993071,-0.0357559305348508,-0.047366744170751,-0.0169613345685831,-0.0089933848404524,0.172672763241342,0.0870359894947114,-0.0799836218198553,0.1453254909121104,0.0768734638139316,-0.0665945777207994,-0.1073281443004047,-0.0533147915603033,0.0778159551192718,0.0919888299187725,0.0268484596961069,-0.0045080536455179,0.1811719302526837,0.0548027197336549,-0.013732713316768
2012-12-31 00:00:00+00:00,-0.0345598544350027,-0.117829693485897,0.0536905034266284,0.0781942997105149,-0.0286204315658766,-0.1560205954365541,0.0573237468747989,0.0600824035665932,0.0533479904884419,0.1937415450633957,-0.0599124790460415,-0.0162769952352344,0.2176478755192399,0.0006812219813783,0.154948709888989,0.1094989950773872,0.0066297668112613,-0.0611221977380985,0.0585995224566426,-0.2641080035798369,0.1335773441404057,0.1164618149095171
2013-03-31 00:00:00+00:00,0.2343960667383491,0.178985153811285,0.0128112739831924,0.0042990568642304,-0.0557153088607278,-0.0582862158688608,0.0018067864503958,-0.0585425672307721,-0.0467173047947139,0.1301124010769609,0.1260679510797493,-0.0128062700111112,0.0718873230934589,0.1758871587458972,0.2265652481821785,0.2048185028295166,0.008820469715103,0.0258138079391807,0.0503125544896001,-0.0145376144175169,-0.076125049831433,-0.0503894487266847
2013-06-30 00:00:00+00:00,-0.0016217837709281,0.2028177459701767,0.211380285117199,0.1648985796731088,0.044419713682912,-0.0207852414643593,0.1522005473026644,0.0825099902693546,0.0891614903424398,0.2177056553186911,0.1162465379212414,0.1170984850371248,-0.0691539574321303,0.1566879646625676,-0.0050919365626597,-0.0274574051859537,0.0389491360150566,0.0741646530699655,0.2736642300859302,-0.121150636689743,0.1070298733954964,0.0919578955301851
2013-09-30 00:00:00+00:00,-0.0169801014522433,0.0030136100570878,0.0422311916248809,-0.0953826682560934,0.2093999807549791,0.0339624725186062,0.0721117238735953,-0.0372621037333162,0.0792089465617105,-0.0580149518352024,0.0156577947659963,-0.0578401775089754,0.0541534722442793,0.2343969217720107,0.0368799765669927,0.1108634764027836,-0.0503494209107039,-0.0169066593176093,-0.0131145470110211,0.2761226378776276,-0.1488119640509201,0.0035978021043481
2013-12-31 00:00:00+00:00,0.2091296827142108,0.0020144152700702,0.0219505269510269,0.0520134184101119,-0.0158139999735009,0.166058469283794,0.0196102065527195,-0.0188113357445577,0.1281462056001279,-0.0161581711775479,0.0672563969868857,0.0545115668364728,0.2457310227267746,0.0026830606255838,0.1170868967352307,0.1280245253108827,0.0162331161154702,-0.0658889284065611,-0.0813433593666973,-0.1351528911383183,0.3173150728574438,0.0272269129101279
2014-03-31 00:00:00+00:00,0.0488680433221229,0.0444432577543452,0.0869871301307088,0.029547589638343,0.1150035388364147,0.0719875670014016,0.1709609486475214,0.0444320588768807,0.1206337664657402,0.0171921981720066,0.0435537153900518,-0.0461661106781779,0.1643495283147749,0.2107902393752452,0.0154688511761214,0.1364475637681694,-0.016349600844071,-0.0083646325207641,0.052440925509984,0.2695816608226016,0.1497452833614072,0.0318362761589481
2014-06-30 00:00:00+00:00,0.0797013008058742,-0.0439943965559512,0.0794592813505525,0.0539747465489042,0.1229976145833224,0.3726276727981996,-0.0169390602474387,0.0218117047945602,-0.0337100521569415,0.0710101162018286,0.0982221690549201,0.2125075428024694,0.0045278823181447,0.0657795690809004,0.0771041265829681,0.0441673055912335,0.1537194404526083,0.1293185299776176,0.0428759174626085,0.0639413345493751,0.1116033117993149,-0.0328896588361588
2014-09-30 00:00:00+00:00,0.0406619938115602,0.007288138445469,0.026181764494628,-0.0679199049934731,0.0179960971635559,0.2724547138094551,-0.0005723645778206,0.0287690191327214,-0.1229466381864233,0.0634738786670141,0.0798020534660834,0.0820287202237382,0.0810546410198644,-0.002423309344955,0.0224400697868638,0.0657367961457449,0.0614898354866251,0.0870010969995871,0.0409005352984521,-0.012807959611136,0.1651256428823981,0.1063383361908683
2014-12-31 00:00:00+00:00,-0.1462793842927305,0.0018792533655318,-0.0471339390160913,-0.05170550118677,0.1030968601651181,0.119269937534874,-0.0541619273549985,0.0022912736898428,0.1102765435768375,0.019405739660641,0.0215711322357872,-0.0652341935525212,-0.0092673421328752,0.0561177650134403,-0.0956308676887002,-0.081604239437791,-0.0192079077901142,-0.087483894921607,-0.0771359994437461,0.2907043346008473,-0.043959537765286,-0.0910833153751774
2015-03-31 00:00:00+00:00,0.1232495542289862,0.1378599267297522,0.2364933733774483,0.0532994593386197,0.025161893471753,0.3783035115724908,0.1332445422342285,-0.0141845939007648,0.1507319426084439,0.2259046970271501,0.0734423838608913,0.1338755863480825,0.0754890091383728,0.0518797458569559,-0.0266437461665555,0.2039092435779415,0.1507571150073188,0.1627747513261748,0.0499016024739948,0.1947420888748205,-0.2209351477704689,-0.0342197418127673
2015-06-30 00:00:00+00:00,-0.0588254609346492,0.0269300016893232,0.019033693539842,0.1332779486405761,-0.1229729163399483,0.3228820085302042,0.0295568042459664,-0.0106103149775883,0.0172045787687544,0.0896643874433265,-0.0136737554135747,-0.0059215949189151,0.1870285753800653,-0.0074394644000288,-0.1031657045153305,-0.0187467625478766,0.0853246818773845,0.0251264713838501,0.0658091026024074,0.2634060457097087,-0.0183613929439575,-0.0600505873552994
2015-09-30 00:00:00+00:00,-0.0380393587009176,-0.0254546513729392,0.0132836003614376,0.0994207611941884,0.0986953167036241,0.0744447196901634,-0.0939322056652531,0.1021670416335962,-0.0191086279302941,0.090596972847571,-0.0940296471019219,-0.0346651349311398,-0.0299855849229209,0.1087100540397005,0.1944974650346389,0.0414237196267457,-0.1033113646262753,-0.0233000218438987,0.0342507356058279,-0.0157335537343458,-0.1872282688484061,-0.0738860573978476
2015-12-31 00:00:00+00:00,-0.1898026130236259,-0.1316278181560328,-0.0729405094450069,-0.0990329519636622,0.0102175140459084,-0.1954161278908047,-0.0502051312078829,-0.0692742110597564,0.0532861682334953,-0.1514238519148606,-0.0172896191728562,0.0583958733319223,-0.1257431269751926,-0.1365116092859318,-0.187240963259383,-0.2237302532094548,0.0467877804793541,0.1185272336662253,0.0524715472967627,-0.0022305341965609,-0.1421799759945423,-0.1744500389423505
2016-03-31 00:00:00+00:00,-0.137807830719318,-0.0036520921394433,0.1240520582383661,0.008068070234249,0.2367042435926107,-0.0620120303478868,0.1238149719126329,0.076050559766889,0.0033126933070199,-0.0078426829055595,-0.0261441455437105,-0.0543131688404273,0.0761854184754367,0.1222785861331827,0.023896161865851,0.0906789515641623,0.0750278009642355,0.0977447066058947,0.0391026331393047,0.0755588908099764,-0.2122611545274511,0.1480106327705856
2016-06-30 00:00:00+00:00,0.2361199569733407,0.1881404951827703,0.0420704613248974,0.0237168343464031,0.021332031370602,0.0076260053152998,0.147696010788674,0.1581049194415216,0.1156852520362687,0.1911005225792914,0.1451265190875617,0.2340786013791029,0.0517007408729757,-0.1102831818883328,0.1128854837587407,0.1591120631618487,0.0910887193821019,0.1491680203072913,0.2689735732428324,-0.0661632450413561,0.1642904819706596,0.0743453655001347
2016-09-30 00:00:00+00:00,0.0342509410242373,-0.0337938410515646,0.1095268685576484,0.0258213036206846,-0.0729201103521668,-0.1960704825657601,-0.0200272323047339,0.1315377081951356,-0.0198260075163247,0.0547587556716715,0.0787806625107185,-0.0083538347507978,0.0898081812572526,-0.1130053194116469,-0.0687914053790976,-0.0725270492568559,0.061341782816535,0.0554191496074816,0.0187321670836615,0.1850286081067198,0.6836932177766673,0.1166026696643538
2016-12-31 00:00:00+00:00,0.1415550467497157,0.0027071471451458,0.0556141463998485,0.1448048583163546,0.1293564170554961,0.2084706535957901,0.040475975461198,-0.0481576449833333,-0.0308249767324556,-0.1001247640618903,-0.067748609950907,-0.1033077214932077,0.1619882967567456,0.2566070253615384,-0.0072240629233698,-0.0065276521335078,-0.1008551524543392,-0.1360231390363402,-0.1697954540865333,-0.0872723549715953,0.0890241488119527,-0.0059579864212173
2017-03-31 00:00:00+00:00,0.1015543681265449,0.1917250747090542,-0.0702031444403412,0.1171441301842304,0.097226962639586,0.0013978221230008,0.0138049461090625,0.0722664788954914,0.0184055790616157,0.0936986646660682,-0.030389815952482,0.0611187879649577,-0.1300099964238293,0.2797655418270128,0.1374732205944526,-0.0752559005361152,-0.024725247882689,0.0676680731621621,0.118086233991892,-0.0628986279020771,0.1640226048396083,0.1618333660754964
2017-06-30 00:00:00+00:00,0.0781881986308348,-0.0638469632715367,0.1202802577549377,0.1015252949189926,0.0538094581530248,0.3042594617130951,0.014004827097843,-0.0187795767828843,0.0417668124504357,0.0323129504397006,0.0944839578035676,0.029896422143397,0.1971293383844934,0.0112428174939427,0.060178846743675,0.1075637815579351,-0.059433781001161,0.0551406085876018,-0.0563992888590921,0.0048308608164926,-0.0480136218018524,-0.0765223835760836
2017-09-30 00:00:00+00:00,0.0982540190840952,0.0340756589141129,0.0601975174396274,0.1275560725293851,0.0459304890588214,-0.0216856763982892,-0.0232807562799769,-0.0686772689394041,-0.0826437589598543,0.0436860857077088,0.0211180661050245,-0.025873083392065,0.1299083102344236,0.0738490108217007,0.0633052881008777,0.0564492154013065,-0.0282565886352968,0.0494690597103351,-0.0768881068940081,0.0865385280686619,-0.0485657979067759,-0.0038837657675416
2017-12-31 00:00:00+00:00,0.0437901884451323,0.1721773451201669,0.0122378858350351,-0.0191477726250948,0.1003009899378908,0.0761752559190047,-0.0846411224324267,0.0440073042033919,0.0301314303778179,-0.0737373692275714,0.0308320927865646,0.101655130905808,0.0839142177844798,0.0147798458351746,0.0831399055023778,0.007839143149172,-0.0310504720593746,0.0211962520155049,-0.0959175183932015,0.1090104190642791,0.0878669470351525,0.1158030590350649
2018-03-31 00:00:00+00:00,0.0524634400914774,0.0674558234757618,0.1136017752032223,0.0834268105063571,0.1577754306780934,-0.0348340564487131,-0.0288386855243849,0.0018768894958427,0.049632931188279,0.0009382111027467,-0.0686063394449146,0.1034134615384616,0.0699654704330905,0.1701429417608038,0.0425769613623887,0.0671987612778979,0.0864998290608236,-0.0634061597369708,0.0191082724637969,0.1372869020423919,-0.0074506024657579,0.0966046852920985
2018-06-30 00:00:00+00:00,-0.0976635718433621,-0.0042619542619543,-0.0174776084417208,0.0246872950007082,0.0347393990504478,-0.016344789973381,-0.0126188341249499,-0.0732179254712558,0.0548327743608214,-0.0882977365242919,0.0539159427648106,-0.0127423735981097,0.1130628366455606,-0.0181360308500895,0.0949248814497039,-0.0789790254289924,-0.1278936791805178,-0.0845768920852277,-0.1018618465193373,-0.1130601220873469,0.0404897055016642,-0.1114803153180076
2018-09-30 00:00:00+00:00,-0.1606651682450258,0.0632183376527653,0.1236570065014133,0.169375022513776,0.1346979252612816,0.0087676856166656,0.0678289766284547,-0.064963277233438,0.1835208991708543,0.0292080418306091,0.0573447932556987,0.0908321830296372,0.0975328075890515,0.0193907401162816,-0.0265247126621372,-0.0475250317749859,0.0876291310399122,0.1123678495673545,-0.0386123217986,0.0352391754190835,0.2446351743134418,0.1166558088369664
2018-12-31 00:00:00+00:00,0.1278607582453763,-0.0087107702816875,0.1098874920201729,0.0681692522950689,0.1604331204008198,-0.0540393749043803,-0.0903661257307741,0.0612363429112525,0.187072580992911,-0.004227025385988,-0.0070818604852415,-0.0144324808671503,-0.0216192485382372,-0.0316200138495935,-0.0202274549940332,0.073571370790048,0.011115680431734,0.0107194271823538,-0.0905318982943766,-0.0038207921796985,0.0121905799819752,0.0107249773146853
2019-03-31 00:00:00+00:00,-0.0915558976125144,-0.2283267214307741,-0.1648965088990367,-0.2618770167279783,-0.1215565751797898,-0.2528402059880685,0.076753999190843,-0.1004880442406745,-0.2012365719453127,-0.1662123994004543,-0.0542445399886193,-0.0274591093998044,-0.1458299498277923,-0.1585959537677556,-0.2389255221159559,-0.0693608089126261,-0.0664955478928367,-0.0603512437124664,-0.1039586226581525,-0.1499303033003515,-0.2003278619509086,-0.1014409722042383
2019-06-30 00:00:00+00:00,0.2260436332829318,0.1121640214115211,0.1458157551524892,0.3477726737488553,0.1820440102096656,0.2396768323548153,0.0214319670382279,0.1054477508192868,0.1961347956755321,0.1939566736705291,0.1953716775163123,0.1609051037137976,0.2570081610007566,0.0652744882722211,0.0824908339643917,0.1281518520017892,0.1940470469693012,0.1863541305429938,0.1855963171821997,0.0926989461311684,0.3109563054601982,0.1400847834584642
2019-09-30 00:00:00+00:00,0.0723446177823146,-0.1155232092803814,0.0158380921552165,0.0256993950987021,0.1441960301548461,-0.0179530403591746,0.1442019975886597,0.0685993039764023,-0.0003256434142792,-0.0817976468357661,0.0792074921508492,0.0057764527426857,0.0938437179243232,-0.0727673509986808,0.0221682737787727,0.0430004606029041,-0.0596649879890722,0.0986625023054732,0.0694526987875276,0.2156531179995864,0.0016167705238037,0.0090304257186251
2019-12-31 00:00:00+00:00,-0.0805388330229293,0.19121030558899,-0.0124184301476948,0.0379955960994022,0.0136089709414051,-0.0492506904626425,-0.0571382974904951,0.1415609248294727,0.0503960902021525,0.0455890372854959,0.0839541213903201,0.064363544628043,0.0479192248315407,-0.069391842956148,-0.0917171872260804,-0.0105099874481778,0.0678658148945594,0.1053004303618685,0.1769488452539251,-0.128917691939003,0.0580993706493444,-0.0611776042058118
2020-03-31 00:00:00+00:00,0.1464150005978333,0.0863884707349944,0.0906813084938495,0.1371303014244924,0.1757969867589419,0.5788278736456733,0.0306576666949349,0.0578173570005233,0.1183239709628773,0.2651787001427579,0.0273691339110691,-0.0407682751662468,0.1465448296370297,0.2823384117355845,0.1064980230253245,0.1304783349084748,-0.0691786740650793,0.0043775387643978,0.0434772006665016,0.1290323082286308,0.05508506656584,0.0570336541970919
2020-06-30 00:00:00+00:00,-0.2671398453062787,-0.2280595177077741,-0.170223919948382,-0.1001988611833154,-0.0503952474160902,-0.3197204444025553,-0.3466214635098784,-0.2653306936513339,-0.2741505406855637,-0.5091747411934939,-0.2973489050738483,-0.2645791967869577,-0.154653961511567,-0.3140243063734927,-0.4123626673683552,-0.3903316531983027,-0.4403304932077243,-0.2324278137468571,-0.0448719470115492,-0.1664050574860498,-0.7432541529341925,-0.4287957264781989
2020-09-30 00:00:00+00:00,0.3217738642498393,0.3035263548463873,0.0750709607512107,0.3570340708392037,0.3494848006994515,0.5323703762487342,0.0674831739313717,0.0909233627520842,0.1470193512005595,0.4250204625387674,0.1803648995837623,0.1734062734123282,0.4306333963984856,0.007063817316665,0.5246837226605565,0.3387614399011154,0.2752385107941768,0.202512909697845,0.080513988211148,0.3000000143679751,0.7314848080555783,0.2967667135769363
2020-12-31 00:00:00+00:00,0.2186804400490181,0.0664425518556084,-0.0409813984219091,0.1460731156672841,0.0404179369224,0.212781967568211,-0.0799664624627912,-0.0251225805167379,0.1152793877944289,0.2224339645496624,-0.0092519610193585,0.117359319612458,0.0893463004578163,0.1486869831943749,0.1200120478347903,0.1506628541600136,-0.1190349186405966,0.0314472959695322,-0.0090608157025009,0.1803564363001359,-0.1886050194801962,-0.1847157166610125
2021-03-31 00:00:00+00:00,0.0754322226765764,0.0792245173192347,0.0897516419051331,0.1045487077096773,0.0272989489544077,-0.0055410593237578,0.2409023901618232,0.0586527905202058,0.1704622719855129,0.0507852886370683,0.0476801237143071,0.0207240282966378,-0.0819740692817382,0.4038220859818411,0.3005905945016529,0.1649043422311216,0.0953073619392972,0.0283981814035894,0.0074645130585018,0.1119292432676541,0.5310634229538502,0.2206257790530972
2021-06-30 00:00:00+00:00,0.170740886940226,0.2618106964913071,-0.0331173113904331,0.0080832376663915,0.1158445235962564,0.2486630901671196,0.2582781466405679,0.0593714896360697,-0.008687814444564,0.0806932261381971,0.0737397634440606,0.0804928993595799,0.0907420097198614,0.2633699569127505,0.1355701438299024,0.0796343577372704,0.2757750757743191,0.2047806319252127,0.0376860685344775,0.0083885446912843,0.4004279045153482,0.2660229281653843
2021-09-30 00:00:00+00:00,-0.0555738260419824,-0.0151416023132051,0.0250349531143512,0.1341588391837069,0.1232808284114699,0.0100318305453424,0.076070637482339,-0.0228844610010684,0.0325245352599459,0.122617372624372,0.0173744223986398,0.0180262950314142,0.1389468674204459,0.110206297861878,0.0564044944511694,0.1220138285276262,0.1462900836613296,0.1634406182753378,-0.0782422729272962,-0.0022985889127594,0.1293546308870106,0.0166439998271998
2021-12-31 00:00:00+00:00,-0.0526411384008751,0.0010127280801124,-0.0052672753750921,0.1280350886017074,0.066470748069308,-0.1300880756032483,-0.0759652013835371,-0.0442419048493797,-0.0151244306376822,-0.1126093621908222,-0.0477532391930766,0.0116964197917259,0.041035956594319,0.0139932959421793,-0.1178083652145975,-0.1497780990363386,0.0345391995893398,0.1231762488114665,-0.0842058276370181,-0.0139331239846481,0.0627342782271875,-0.0044570756546795
2022-03-31 00:00:00+00:00,-0.0309208219680311,0.2118596752496588,0.0385281727766728,-0.0087610526063793,0.1600223142912922,-0.0218478347256649,0.0064088231402092,-0.0394821568171661,0.1384494035834964,-0.084441991549328,0.0601174769379662,0.1029823724276781,0.0782425492255296,0.1549520252998599,0.1748998092926261,0.1889575415785465,0.1383335731167843,0.2013409614376464,0.0624511912002203,0.0740988414066301,0.023696333783395,0.1563151142326102
2022-06-30 00:00:00+00:00,-0.0782860776307017,-0.0988822320659787,0.0661043269842622,-0.2237224607504564,-0.0737572547205096,-0.170270186574406,0.1297915944059431,-0.031480879988715,-0.1910579314521958,-0.1283165679998716,0.299888519387838,0.0828319565681208,-0.1137126177943274,-0.0238208151578089,-0.0622018494162025,-0.2114145898464275,-0.0829201295895297,-0.0518892004493428,0.0386600261703968,-0.1490573778038361,0.2094931085673863,0.3914486229043354
2022-09-30 00:00:00+00:00,-0.0275158533536284,-0.1171398581780419,-0.0375152514453906,-0.1200757003128895,-0.1591215517935515,-0.3060811171184088,-0.2146826061699943,0.1935458063211823,-0.0747953205313415,0.0026173214878399,-0.0985090163460669,-0.0827401397135609,-0.1561943077017751,-0.2325002615748779,-0.1951278731769098,-0.1164577308676713,-0.205708871685464,-0.1731951516930685,0.0853071433501226,0.1514302444424529,-0.1942580856008209,-0.1005037644838167
2022-12-31 00:00:00+00:00,0.0871608678944717,0.0157864026810166,-0.0803895229551464,-0.1483059293369282,-0.0706100972854384,-0.0298001154511399,-0.0012252361730396,-0.2439336052494947,0.1277183165312134,-0.0216021605464807,0.0251495306703941,-0.0972800582529853,-0.081047955539345,0.1489518972736339,-0.1551543536106313,-0.0264335434006602,-0.0557260365551083,-0.0893538963077269,-0.0082746828872892,-0.0583570869730039,-0.0415432980938944,0.0450389477963488
2023-03-31 00:00:00+00:00,0.1573237983436886,0.0677827232348162,0.1141749649070735,-0.0126449226543017,-0.0020138931872575,0.0366268810703314,0.3101164254247954,0.1995501853805057,0.26132576464363,-0.0284704998243221,-0.001787777945324,0.0812294875031558,0.0672736285662449,0.1223470100817862,0.112839296631015,0.1167254128250236,0.1390506923289569,-0.0114738141210454,0.1868402974791019,0.1375322784548278,0.2130158172349572,0.1555783019230094
2023-06-30 00:00:00+00:00,-0.003701051792706,0.0068897827908156,-0.0322856783715709,0.100348023065143,0.2018925575918895,0.3043397456556478,0.162555933301524,0.0496259819071038,0.0018021571966355,-0.0087756301889712,-0.0189545101427884,-0.0022917570303017,0.0358103391317183,-0.3686791862015076,0.0380515811620414,0.1093166787305743,-0.0280314500485023,-0.0275543032766376,-0.0121796719373973,0.057639202377371,0.0316845571329831,-0.0145847606929626
2023-09-30 00:00:00+00:00,0.0485299231690541,0.054346735024646,0.064460033875942,-0.1877286011588564,0.1792947400718272,-0.0425334384995065,0.0112485759768075,-0.1568531516785799,0.0727675176572111,-0.0494528296176646,-0.0214170860495981,0.0348491312248488,0.1491766739142255,0.1251711050261972,0.0258233986586888,0.069262002531703,-0.002957732899216,0.0358882253995227,-0.1509498484355115,0.06289658112575,-0.0266502321870928,-0.0659048142594382
2023-12-31 00:00:00+00:00,-0.0854304577739752,0.0295761149519349,-0.0125124923524999,-0.0688897392038692,-0.0458851477443997,-0.1146997588143832,-0.2252505870457531,-0.0737245355397884,0.0567710301827648,-0.1450679309784583,-0.0933121196957237,-0.1216584556284486,-0.0739322149338981,-0.0686791578876701,-0.1108605265325558,-0.1281990824439466,-0.0799497284007921,-0.1645415418466959,-0.1439098711385251,-0.0774363439566789,0.005470751482234,0.06952819126198
