Date,AMZN,AZO,BKNG,CCL,DHI,DLTR,DRI,EBAY,GPC,HAS,KMX,LEG,MAR,MCD,MGM,NKE,NVR,ORLY,POOL,RCL,ROST,SBUX,TGT,TJX,TSCO,WHR,YUM
2000-03-31 00:00:00+00:00,0.0514705882352941,0.0915178571428572,-0.1546391691597261,0.0445685670235269,-0.0139535680709208,0.0771349781488774,-0.0314688290393305,-0.117187634128704,-0.0586789753113149,-0.1424416030454,-0.2340425531914893,-0.0351910310463173,-0.0776383200903823,-0.138878743324621,-0.0169047440372486,0.0254051508048485,-0.0617128463476071,-0.1018276762402088,0.1196812711423456,-0.0438147074954933,-0.1230284971615405,-0.0717647563685472,0.0396760122376362,-0.1492144417420864,-0.0592594913910419,0.0112474415612049,-0.0829493183220475
2000-06-30 00:00:00+00:00,-0.2888112101521525,-0.0879345603271983,0.2756097738950371,-0.4875170155325895,0.0034527040015535,0.1202046765653674,0.0252706881516784,0.0141592491038777,0.0175974608845774,-0.0948011469770083,0.6944444444444444,0.0245177267164442,0.0592915666766056,-0.0283912144125841,0.018265049395294,-0.1673171497819916,0.1651006711409395,-0.313953488372093,0.0736341825631547,-0.426712876211627,0.2911532210657352,0.6806082117328722,0.0701904778247701,0.1747000755715095,0.291338024090283,-0.0333755477272205,-0.1876042373522258
2000-09-30 00:00:00+00:00,-0.4178957469087447,-0.147982062780269,-0.388145331669253,-0.1820355590150281,0.0786976091161613,0.0873287648415561,-0.0719574028213736,-0.262652577890661,-0.1216392172019343,0.0150257939873148,-0.1475409836065574,-0.1810430143375038,0.125961073140677,-0.1558442111604975,0.3750003271264845,0.0265794499868874,0.0576036866359446,-0.0889830508474576,0.1880532368352989,-0.2773743963864954,-0.2242832802072693,-0.0708899008094542,-0.2481355976011584,-0.2187540435113365,-0.2408536269417061,-0.1450059699926079,-0.0556705856843301
2000-12-31 00:00:00+00:00,-0.0304053921260654,-0.0684210526315789,-0.7281249951973099,0.2627433691849221,0.2791410850018827,0.007873967499645,0.2775666502451079,0.2662720270696472,-0.0831604602873221,-0.3200195213826041,0.5,-0.060548504521698,-0.0173985086406971,-0.0750004911507516,0.1155297653487941,-0.0228724425716496,0.421002157373366,0.0604651162790697,0.2625695873206175,0.3317598046151429,-0.1604457033394606,0.0487012351026274,-0.1333700940773009,0.2183652728092755,-0.321285209533577,-0.2315210869871274,0.0764188499736049
2001-03-31 00:00:00+00:00,-0.613240415108168,0.2598870056497175,-0.8706896648171342,0.160868920581364,0.5279794220709404,-0.4249999624490729,0.0794311251743415,-0.5485981514314606,0.4073292344908066,-0.0880686433888662,-0.1794871794871795,0.1174867858695216,0.1581351571904286,0.1216396014967085,-0.2631576079616171,0.3549290665119085,0.4301484143248832,0.7105263157894737,0.0265488504078623,0.0037295377545201,0.1623446447382359,0.0417959197971529,0.3325383929397834,0.2177499863499494,-0.1893495075333066,0.2381012668712054,0.0365116905976761
2001-06-30 00:00:00+00:00,-0.3441441477820544,-0.0008968473015344,1.177777924506887,-0.0373379551322765,-0.1044248641919899,-0.1847826424979067,0.0607733969972557,0.1697723077676503,0.0003733159741661,0.2618574262846387,0.9099999666213988,0.1058589933126952,0.003756692808535,-0.2047761062448703,-0.0863937872559421,-0.2390267280457617,0.3765008756464292,-0.1923076923076923,0.0948277317799766,-0.1005670124733971,0.1360430045289338,0.0222885810319799,0.0933723114674858,0.1487660657684331,0.6423362693224739,0.0725256478256091,0.1973383590714885
2001-09-30 00:00:00+00:00,0.5967031951429158,0.3881507834066287,2.235918172929671,0.1344762783278028,0.1980110822800955,0.4816000366210937,0.1857181305121655,0.9304778825246448,0.2295249142852684,0.1485546269032478,1.1073299296896106,0.1320964635505475,0.1811885764493683,0.0285281827177745,0.2348180835310769,0.0265189705811546,-0.057632398753894,0.4460952032180059,0.0362198804636659,-0.0206184070684249,0.2960251603728363,0.0590691013156816,-0.0181496800086048,0.033563932058277,0.1164448666499295,0.2907078532537004,0.1472279404264409
2001-12-31 00:00:00+00:00,-0.5863729993985387,0.3828246067117162,-0.6387487390716582,-0.2957258255052436,-0.1659050469742211,-0.3225342421595305,-0.1020768493573418,-0.3109873781486217,0.0443541344609395,-0.0985177652278859,-0.2608696064239501,-0.1102265627617786,-0.3353031666139503,-0.0025550498336873,-0.2983606741896644,0.1138294275888731,-0.0628099173553718,-0.0273972180579223,-0.0471124519967026,-0.527413424956044,0.2203207662819486,-0.3500218160747441,-0.1161488636107854,0.02073712559403,0.1433120680844921,-0.1599436577778397,-0.131069131973494
2002-03-31 00:00:00+00:00,0.8236271815820262,0.3093902207030032,0.6340782809910142,0.2882806927883596,0.5985780744238958,0.6259298990060378,0.372707200816297,0.4087715472118549,0.1063020892415071,0.2129026221272123,0.886554746437225,0.1582509699189564,0.2423491177020864,-0.022516325387039,0.3574764430365234,0.2152425885148141,0.3774250440917108,0.2704947499696057,0.2837326327162661,0.5985103387443385,0.0887483189711733,0.3182432846720329,0.3072139225198362,0.1980552655896301,0.9008354397758926,0.3569445595340412,0.2589194586355667
2002-06-30 00:00:00+00:00,0.3503650349568203,-0.0508571079799107,-0.0991452032482057,0.1779702597624992,0.1322360768691195,0.0464052321191905,0.1138124039164498,-0.1462897269391978,0.023184356639327,-0.0160540844574403,0.1808462952324101,0.110372643487163,0.1150002883166665,0.0286903696135609,0.2220314041381734,0.0329961144911348,0.6169014709707106,-0.1489482582621593,0.1233692638808889,0.3538484258834717,0.1049305241009976,0.194259639481036,0.0465175452748669,-0.0029133886384959,0.3774919565926482,0.026703935358227,0.2115024984039974
2002-09-30 00:00:00+00:00,-0.084459458370989,0.152167372649747,-0.5123340117853934,-0.1614407803687898,0.0833271293837176,0.1574016550151311,-0.0936848123101314,0.0366434145633294,-0.0746422204312892,-0.1543108911253715,-0.2267069097319027,-0.0559215589250907,-0.1722085830094399,0.0311925015492693,-0.0856340979118455,-0.0693723747331648,0.0120367046120883,-0.0778223073528543,-0.0690112410624068,-0.0870000608595101,0.1146853101067288,0.0454928215671244,-0.1411418789334969,-0.0292822275476178,0.4389359279835263,-0.1254362834031708,0.0055036540800277
2002-12-31 00:00:00+00:00,0.2509225303266669,0.0617896216717452,-0.4007781977553435,-0.0700029128296867,-0.260985139648542,-0.3990825889925965,0.0263719902239831,-0.0862360974105358,-0.0485359118378955,-0.152767976336589,-0.2048780859970465,-0.1218768467873102,-0.1822378722714333,-0.3494662469757705,0.1823783507898384,-0.2025502242622846,-0.0296400664184761,0.0405649730940191,0.0274410899213983,-0.1642879938364069,-0.1206470846956506,-0.1215102595524512,-0.1822755284958417,-0.0835687759674549,-0.0669821489563157,-0.2539819861301026,0.0051321646671727
2003-03-31 00:00:00+00:00,0.1545722457854945,-0.0951032953202749,0.0844156971452789,0.0245002973880688,-0.0374439267734302,0.1562640152550209,-0.111942695241357,0.2960196037692491,0.0062257561127714,0.0268387371664335,0.0963191212060434,0.1463173146663927,0.1359600207020161,-0.0820163216962845,-0.1050026087042537,0.0619800991347996,0.0869915857397478,-0.1110337165867102,0.0475199611174719,0.0823455708142451,0.2277039211922111,-0.0093459736470511,0.0388955026161736,0.1462527308369352,0.2576861263487127,0.1347467978294374,-0.1449967726762534
2003-06-30 00:00:00+00:00,0.3050587012851578,-0.0550646211245945,-0.0119761437662575,-0.0663378604624478,0.0540005869717508,-0.2411650774748377,-0.1753156266038468,0.241816674672695,-0.018630267265967,0.2043707645409895,-0.2025741840641509,-0.1950979477307229,-0.0785390179193505,-0.151057096732137,-0.188064044337302,0.103556905540596,0.0081602373887239,0.0528581999110402,0.0033114046290785,-0.1671775333662408,-0.1542671209324999,0.1948115293748811,-0.060967981334976,-0.1409048228953245,-0.1643146797832176,-0.0773929347231778,-0.0465764315695528
2003-09-30 00:00:00+00:00,0.458496495414783,0.0847481926568121,1.2000001164288476,0.3664205436543859,0.4568756736757913,0.666837366573132,0.0652461193146662,0.2378076914779281,0.0691324858706785,0.2932552346697279,1.1094736467327988,0.1285382564170154,0.2315539875038148,0.5615657955135624,0.211545533658924,0.0619590051900402,0.2133922001471671,0.2469319278677473,0.1033007614721412,0.5475231799732716,0.1799857633937804,0.0,0.2928169780762386,0.0876017196214529,0.4297345621669024,0.2832345990024112,0.2475984924664198
2003-12-31 00:00:00+00:00,0.3186578000128266,0.2293407753747955,0.3356289807969148,0.0471841085090334,0.2343048333772937,0.0549585208765956,0.0239994048858396,0.0262663947103261,-0.0057591963964678,0.0699626064966534,0.1373918574232124,0.0603297013061427,0.1530502988737754,0.1034636602712626,0.094998350232321,0.149745614225446,0.1861734384475439,0.1368923447567194,0.2814827298178932,0.2929612940277861,0.1228948831253287,0.1567308418801691,0.0284818438833438,0.0737645939419866,0.4482179131862667,0.0934678791160696,0.0481931116537568
2004-03-31 00:00:00+00:00,0.0565960642879754,-0.0917134222271394,-0.3544173123744762,0.1803310354787488,0.1845437550930937,-0.138242119488513,0.0908385116449497,0.1517366362186831,0.0401274806734424,0.0934478754102261,-0.1085112381833918,-0.0071581388130429,0.0441805716668879,0.0398943891949437,0.0059458906594032,0.0944840861251379,-0.1150306748466257,-0.0052466098778446,0.1554623863440865,0.2091679212300425,0.0844785509839207,0.1232085328634486,-0.021516730266301,0.0828378527367759,0.1468107459821541,0.03763152550092,0.0705617291630786
2004-06-30 00:00:00+00:00,-0.1379576247041702,0.0300546301986806,0.4376995494575773,0.1485500243204878,0.2805295040607374,0.0168862195025916,0.1526311925030474,0.1468255129099436,-0.0008087244559151,0.0605673533909576,-0.0311679419244872,0.1228842455598675,-0.0518320451131565,0.1661968917972904,0.2407310309445256,0.1313376451366086,0.069901790872328,0.0556434786982547,0.1154545112837248,0.2850828131164256,0.1665355200729501,0.1616530679389416,0.1769397357939603,0.1423923311542028,-0.0157483284611908,-0.0163219760670593,0.1348053082054732
2004-09-30 00:00:00+00:00,0.1747876774363939,-0.0773843749892765,-0.0388888410596285,0.051489773084127,-0.2077490560349295,-0.1102623589347531,-0.1492669433684545,0.2538408310238966,0.2135230630277746,-0.1487609507295447,-0.288181511378371,0.1034880778127478,0.1487113181276678,-0.0899348519308532,0.0086617481480342,-0.012999497041371,0.0433045092720707,0.1189108738792241,0.2365282398232582,-0.0179474516483498,-0.1200678381892622,0.1671457459307153,-0.0451219282637282,-0.0171893878076347,0.0513548660932718,-0.0218802068573242,-0.0265439937119769
2004-12-31 00:00:00+00:00,-0.2300228502614303,-0.0368749618530273,-0.1198458253242231,0.0034559327574539,0.1814658952661667,0.0186637154381177,0.1485827218335165,0.0204219036706985,-0.000248001291124,0.0075275134707855,0.0875356856573374,0.0756407031216377,0.0547724342172772,0.069555639671577,0.0702016499459599,0.0623377747909585,0.1380809727618051,-0.130609559482959,-0.1124232226046193,0.0136032228647637,-0.1193927777408014,0.0582700277486878,0.0776999210693083,-0.0704156004700486,-0.1978399892163749,-0.0940755324052146,0.0933967534668418
2005-03-31 00:00:00+00:00,0.1000741825253022,0.1778065724285475,0.0389666361094478,0.2014139785336752,0.1980319881342862,0.0458042508990101,0.1601928267182177,0.2344220662433365,0.123704117978167,0.0103233004779665,0.3210848624940177,-0.0109942519770519,0.1874521406080771,0.151764262937347,0.4377132223715496,0.136967033416216,0.3488313224761254,0.1579353298091956,0.1962669070048819,0.2242576104223996,0.1814523522421194,0.2947904210555641,0.1414882337468408,0.1098717641906465,0.1334150841170269,0.1429502050933557,0.1619633353449163
2005-06-30 00:00:00+00:00,-0.2360736938309248,-0.063030316481577,0.0564686266338052,-0.1115846256036797,0.0236129537197959,-0.0073581620804589,0.1407051633547635,-0.3502758708408517,0.0039654626030034,0.0714499701219313,0.0132450201465272,0.0563162140310391,0.0562265954397973,-0.0257702420591557,-0.0179992124125939,-0.0834660916996248,0.0714478086542305,0.087824330695758,-0.0038501389431235,-0.180177711498044,0.0155799141352379,-0.1615962191446648,-0.0447982811457894,-0.02365487422305,0.1430885550469918,-0.0249401065935932,0.0959061442020283
2005-09-30 00:00:00+00:00,-0.0323434674431405,0.0959661740474606,-0.0725966741093356,0.0817499181955265,0.2485354716102945,-0.1482527056008189,0.0651417921289563,-0.1130296455243524,-0.0394304159168756,0.0269331925843634,-0.1258170043619068,-0.0780671086011427,0.042810013152573,-0.0987092086583586,0.1307187622124042,0.0377927070711763,0.0101321432258889,0.2053007105291791,0.1185772841528507,0.10361179603554,0.0227555093965308,-0.0040970641855059,0.106211885248366,0.0129818130918395,0.1584785865776237,0.0481987592809691,0.0074335558251072
2005-12-31 00:00:00+00:00,0.3980552983333012,-0.1138534213154749,-0.1569892501549048,-0.0918942903839612,-0.0114553191836896,-0.0783257525510294,-0.0829546068937967,0.2712895201575627,0.0442213711090855,-0.0464098907939761,0.1648598073798919,-0.238143914803105,-0.0805335546747515,0.2122398237227796,0.0769040489902823,-0.0415800015883753,0.1039810771619607,-0.0280784823647355,-0.0084661031468099,-0.1078677890711586,-0.1614343028520514,-0.0127326321613971,-0.0485123778895757,-0.1608251730470745,-0.0621812804899346,0.0851367955614013,-0.0770324915034595
2006-03-31 00:00:00+00:00,0.0341230320750469,0.1232744015433955,0.1571428347396393,0.1078220037223995,0.000969286516377,0.088129545685226,0.2792646365207969,0.0636366107527395,0.0355058225589401,0.0150172148684821,-0.0831193891293614,0.2035481131588592,0.0723949650909228,0.0099694760026152,-0.1381565596704482,0.0462203036940209,-0.1862302483069977,0.1134702499416775,0.0466405705082531,0.0414113259406043,0.2287887827645378,0.2250003041731376,0.0579115468672448,0.1334386287447617,0.1636957457283525,0.1067289916456959,-0.0116299801983781
2006-06-30 00:00:00+00:00,-0.240437124790131,0.0733074090746201,0.0899470128623998,-0.1244465960425995,-0.0858503523074409,0.1454545261087854,0.0587165964111455,-0.1228072826177557,-0.0040213387985261,0.0473807648253288,0.1186559127007123,0.0042725894945114,0.0384728179453415,0.0360973744185171,0.1624696077685123,-0.0102955523106319,0.044382801664355,0.1319162032993972,0.3184954765907444,-0.0477245297872415,-0.0191966424970511,0.2306452017270142,-0.063002617409472,0.0560819496835158,0.1959647225382947,0.1216163899293736,0.0272059552561949
2006-09-30 00:00:00+00:00,0.068345316384548,-0.106367985110266,0.2326051688137853,-0.1100237379950047,-0.2894510756748102,-0.0270562777264816,-0.031539305658774,-0.2512818650977894,-0.0438161518491169,-0.1256786620783279,0.1160825779333363,0.0333158053726994,0.0896213894435369,-0.0218828080400378,-0.0489166292154069,-0.0403196334609691,-0.3505179315290919,-0.1273128643899844,-0.0902761244522067,-0.0943207920677633,-0.0353424622959849,0.0007886516432553,-0.0478942931398634,-0.0699217575323271,-0.1580755680225885,-0.1046903967397877,0.0660190620778868
2006-12-31 00:00:00+00:00,-0.2004662407695393,0.1706193109688687,0.2061044195342736,0.1280981068621998,0.0326720228166166,0.1609196560662069,0.0835247051691199,-0.0592466755375442,0.0483432745843888,0.2546472565820412,0.154471612533682,0.0179140677376234,0.0288049031733597,0.1630845261512423,-0.0034287829427964,0.0776813337520925,0.0980247877166904,0.0439873822853549,-0.1199952164498955,0.0025670423206709,-0.0690531997964175,-0.115728378353331,0.1506880061305409,0.2553959641599761,-0.1066786656145972,0.0362180095595574,0.0307540011315134
2007-03-31 00:00:00+00:00,0.2536443211735477,0.1388382032897011,0.1964626691278743,0.0869034105662129,0.0714671303872889,-0.0198020969076191,-0.0524091750490325,0.0982888908585546,0.1111152122725558,0.2222151505816949,0.3426420715343734,-0.0483578114912847,0.2123843828064995,0.1374533251632812,0.4148436363961207,0.1185905933535607,0.1294227188081935,-0.024249863930137,0.0335716915093478,0.135375919162705,0.1864264281250818,0.0484833276322533,0.0264778314757863,0.0147910273988904,-0.0498447785767678,0.0038796405571834,0.1272198177769721
2007-06-30 00:00:00+00:00,0.0444444280159457,0.0874293488224,0.2403911252847317,-0.0685445828095961,-0.1633957951494462,0.2372108819185205,0.0168654767008751,0.0938019446470062,0.0444597043122245,0.0502334073666745,-0.0974859703454036,-0.0426744384252898,0.0499240997232786,0.0216551727291851,0.2433558017940393,0.0916202167202562,0.0972794723825227,0.0292016924979394,-0.085417682842073,-0.0277683443871109,0.1280662721921879,-0.11347518974213,0.0501115133426535,-0.0531005908812324,0.1331153744870712,0.0069395404600414,-0.003066930403199
2007-09-30 00:00:00+00:00,0.7221673134601627,0.0682276581117833,0.2524753137863089,0.0242244892533844,-0.0825255314831557,0.1540689856901382,0.0825345231435619,-0.0203030339261965,0.0279116211067782,0.1295859927544822,0.0280560654984265,0.0014814289375453,-0.1168194277713453,0.1463631861952428,0.1496227002965517,0.1010915407276573,0.0097670924117205,0.1110775788268072,0.047829394820325,0.0140300587880122,-0.1015744263014957,-0.1664000443095815,0.0674690467187775,0.0194980331509868,0.0007713181061461,0.3276015992105396,0.1453110861234787
2007-12-31 00:00:00+00:00,0.3419048483468081,-0.1543039797110598,0.3074218604991254,0.0385892749090646,-0.3122777866630098,-0.0586490121570624,-0.0218769520154042,0.2267245023666555,0.0146913710988334,-0.0720848673408524,-0.2031188757097995,-0.1164224760694653,0.0078702001207329,0.0901126236963809,0.1283267539692136,0.0203550804064069,-0.2808035895937965,-0.1083944995818964,-0.3295983658998284,-0.0631091764486657,-0.1491616530350177,0.0103649359564315,0.0204720494350163,0.064433848602402,-0.0994602468816603,-0.176066989070615,0.0380193683932543
2008-03-31 00:00:00+00:00,0.0304036408083188,-0.0026604665939302,0.2903371354192836,-0.1087888551088182,-0.0346517755735461,-0.3864241860129617,-0.3776539375559324,-0.1807867467082461,-0.1041250901491284,-0.1567584920067439,-0.0181018018378665,-0.1199574205236005,-0.2484775753814097,0.0645937189201955,-0.1211632292203598,0.069228844465067,0.0656941874651997,-0.0149298558295478,-0.2093633017733731,0.0433675735329734,-0.0391456893658183,-0.2663375992505443,-0.2362462136325267,-0.0365651157858384,-0.2679794956745632,-0.127239049157835,0.1039089614379007
2008-06-30 00:00:00+00:00,-0.2031168751902394,0.0287411065622444,0.1106386400729115,-0.0023820562223575,0.3428320074065067,0.1509283854709784,0.298111476195837,-0.0332410225665621,-0.0662520843701629,0.1784557928125196,-0.023916270529895,-0.0433923260665716,0.1095971454331996,-0.0137981242836368,-0.2464457734899084,0.1035733728564911,0.2134744487193873,-0.0903186457860871,0.0151425396596174,-0.1280239106035006,0.2466443825894677,-0.0419467292896327,0.0787860266363211,0.217465699282763,0.1763156898105138,0.1482386292783226,0.0247773347912472
2008-09-30 00:00:00+00:00,-0.0401564647554553,0.0179004544961989,-0.0986014074182143,-0.2435601617865866,-0.3430137623721572,0.1355990317111932,-0.0621401037118977,-0.116841805573433,-0.0384390267264422,0.2149506982930518,-0.2771822492537583,0.0414104212385129,-0.2902908872689719,0.0132308998267816,-0.4695073626631303,-0.1491967521399348,-0.18792001953125,-0.2172730167562621,-0.1300292636879696,-0.3856634920602337,0.1817324838175664,-0.1556760403030992,-0.1054802742121739,-0.0589883819788892,-0.2734279481883902,-0.3270072819725345,-0.0797083177699768
2008-12-31 00:00:00+00:00,-0.0548763659438263,0.0031226661664416,-0.4390223157189137,0.1258535327699452,0.1980964547264991,0.0922007026630864,-0.0934674998187209,-0.2483776086588993,0.0105060959530167,-0.0230502764177548,-0.0564971892200317,0.3898676824387814,-0.0276549439082245,0.1179414246123198,-0.1787247764819004,0.1257278891751079,0.1821495703488065,0.1598610005211651,0.3610595625413726,-0.0242699986049864,-0.0011929085565948,-0.0524966747280519,-0.0029979237007751,-0.0375655440909035,0.3985634501703958,0.3572913858189821,-0.0713081779425894
2009-03-31 00:00:00+00:00,-0.2187410567336148,0.1515524508531553,0.1880408146739816,-0.2742445746931186,-0.4443890106226315,0.1638528390486484,0.0316951467643547,-0.2968827411588536,0.0013186310536081,-0.1327673747046964,-0.3772455158211075,-0.2930671523503682,-0.1954045614052997,0.010305853066437,-0.4236656044000857,-0.1941306837537536,-0.2484333292643229,0.1771535358456519,-0.2198476788139979,-0.2963311175997521,-0.1529154884379818,-0.3351350416663673,-0.2632136097976926,-0.2932216291488683,-0.1015167637158666,-0.4653293856879895,-0.0161111114197786
2009-06-30 00:00:00+00:00,0.3520971449593768,0.1867396929094233,0.0518922886224229,-0.0982384749195988,0.3865580351630355,0.0359096123630475,0.1896699889026971,-0.1043655336477927,-0.2163829176021875,-0.1405568026877592,0.4975962133626281,-0.1329658177565044,-0.1516532617232711,-0.1254360234105979,-0.8296631295476252,-0.1089756174241407,-0.0442187482446674,0.1263124779559534,-0.2378584732500823,-0.4191178075262736,0.1818299541444794,0.1351622771788219,-0.0018287406704229,0.1947038631453284,0.00707910191276,-0.2812123796111668,-0.1099676009318445
2009-09-30 00:00:00+00:00,0.1102040752774722,-0.0842825332698663,0.3924333734808463,0.1401910882222321,-0.0741453417098689,-0.0259412541894018,-0.0183022527827209,0.2779893145808176,0.1103797559010713,-0.017073662547214,0.1805778485643259,0.1455614681694423,0.2560382520272237,0.0626583019432505,1.3764247282131148,0.1201332407257456,0.1658932714617169,0.0805084280021182,0.230193507314196,0.639816217375963,0.0643819000403955,0.2533574516516668,0.1298417048428302,0.2258127973299915,0.1424709757558309,0.4679362291551536,0.2453830042682747
2009-12-31 00:00:00+00:00,0.1156863065922737,-0.0467399819743311,0.4367783513068159,0.2459076684702175,0.1824187692234444,0.1397596551938051,-0.0193776617994969,0.3849819103134615,0.1276640210937187,0.1152647550189214,0.3303874673061839,0.2445242122221858,0.249547715889421,-0.0168203313543626,0.713600755289669,0.19791093456872,0.2299502244636193,-0.0637908137701694,0.2991091307256917,0.6196487922869214,0.2126760959995273,0.4264282742711187,0.2086356093269898,0.1799131800316911,0.1197350119341496,0.5088047545899275,-0.0489819698633
2010-03-31 00:00:00+00:00,0.4707820967342522,0.0852218381968934,0.3840926109482321,-0.0204706254563191,0.01733406851974,-0.0039288776709239,0.0637572586230614,0.0283993699750426,0.0354692096460131,0.2025591136011546,0.225344911404288,0.1294904740586266,0.0513239096237927,0.1159739109067865,-0.0915033160364137,0.0499378962375223,0.1530944049607889,0.0751186407022963,-0.0952201787426335,0.1178511917013456,-0.0813997332239023,0.1542319449958618,0.0461628962297655,-0.0167748864665178,0.1272186652604026,0.2279349061166027,0.0655690932349934
2010-06-30 00:00:00+00:00,-0.0156087066545597,0.1066253637516518,0.147526279351134,0.2276217894234251,0.1242927713982244,0.2410213061564079,0.2806154391674988,0.1117156714773413,0.1301218711457443,0.1863800062303964,0.0875729950607782,0.0704479224853777,0.1573350625973213,0.0856066031062929,0.2374095717462769,0.1370561631972287,0.0124601920885616,0.0890909170175526,0.1758629766443042,0.3112400604301859,0.2556576548856162,0.0516264071071912,0.0980627366335931,0.1888471167861951,0.1163152030268788,0.0766024660011315,0.1236840308650535
2010-09-30 00:00:00+00:00,-0.1581822378245719,0.1134491982155734,-0.2917120324661552,-0.1999516322930591,-0.2104620614734991,0.0626463534352186,-0.113982888027067,-0.2608205285524808,-0.0558320516575089,0.0717763078323117,-0.2262269798999241,-0.0841376959426367,-0.0555852640883337,-0.0045793809865892,-0.1943520235056027,-0.0768453527783155,-0.0946989373513085,0.1447650763330652,-0.0354203006131182,-0.3062370157864768,0.0279203100049125,0.0215410807466658,-0.063412181558216,0.0079870434836188,0.0330487916788024,-0.023553121495934,0.002308036941834
2010-12-31 00:00:00+00:00,0.3852740339728435,0.1751746117323098,0.8558478130445142,0.2298402517010458,0.1289429354154243,0.1447461933643541,0.1058132372910689,0.2454175007730743,0.1284890128045006,0.0986575960936937,0.3771060701322062,0.1870820146966036,0.2059426037139766,0.1314807146242578,0.1597939083313235,0.1833633055030314,-0.0155383543586103,0.1116666793823242,-0.060950964638926,0.3617386855330622,0.008134631706546,0.0574376785475525,0.0831239518465274,0.041622038219927,0.2828428830885185,-0.0549350441690429,0.1950678144270534
2011-03-31 00:00:00+00:00,0.1984906992093518,0.1729230946501685,0.2313954170774348,0.2222864027525075,0.1177711573717399,0.1664603913164963,0.0940205978649861,0.172526656892813,0.183268698905737,0.0510031040332663,0.1658870262136542,0.0176000998912999,0.1600521582956657,0.0304269651738393,0.3671109056803596,0.0765805221865663,0.0652028429225766,0.1373687768462177,0.1567439279216891,0.4934290063385336,0.1638709097998083,0.2872393528125165,0.1418317520511798,-0.0132468076284812,0.2572298484345305,0.1346309083298462,0.0616941650975582
2011-06-30 00:00:00+00:00,-0.0222017358093454,0.0233607290381243,0.2352459287724708,-0.1784832432426587,-0.0456299733193832,0.00300622433132,0.0492532772308853,0.0934448415811246,0.0432715069937446,0.0219786818586102,0.0040122607190045,0.0566994128681894,-0.1547981210386874,0.0001480746989721,-0.1378411659553342,-0.10791575702907,0.1042627487739507,-0.046300834110698,0.0540459138954245,-0.1445632666874811,0.123567296579818,0.1247883941548222,-0.1674745029708058,0.1332927507898753,0.24269952351576,-0.0440407805924311,0.0523960812965753
2011-09-30 00:00:00+00:00,0.1629933290978398,0.0835547404794927,0.0213098033637411,0.0204368317247183,-0.0018992747925283,0.2029266905591893,0.0923148392557471,0.044005294516646,0.0344396705277816,-0.0387052933054629,0.0353520310185442,0.0422908596637912,0.0427264750557181,0.1355253506302285,0.0324284164270147,0.2043359064588374,-0.0154807662437057,0.1439184150420864,0.2611523742359303,-0.0362482412760325,0.1389767600445681,0.0827794454742811,-0.0436124424725803,0.0779945710378371,0.1130556015480557,-0.0320404380447448,0.1096496233603057
2011-12-31 00:00:00+00:00,0.0118860354379541,0.0479134802754437,-0.1506287658655701,-0.2304284977973616,-0.2736631836872376,0.0798768383423853,-0.2068934122269913,-0.14141728408471,-0.1030644562133527,-0.2878389355788497,-0.3049287519212234,-0.2423419305863782,-0.2864977947978306,0.0111136183055673,-0.3988314377389284,-0.0922655161565771,-0.2275113637211159,-0.0187282567726289,-0.1808980949229939,-0.489501686254353,-0.0570864348633787,-0.0960782192521459,0.0035059616130839,0.0194256608623479,-0.1101503567898271,-0.4090604217970703,-0.1423731879222592
2012-03-31 00:00:00+00:00,-0.1554391963114155,0.0253623301855516,0.0883903725040278,0.1218718059501156,0.5412826101881314,0.1187567856101832,0.0859175872763049,0.1149057621051168,0.2606507321069031,0.0125196587506097,0.3037163885815892,0.258727861789729,0.2201743518719183,0.157678436121327,0.3499396847042066,0.1700626996200815,0.2222916446516578,0.2028628606670841,0.2136707061334357,0.2996297274085642,0.2409950322541216,0.2559981629511874,0.0755351371487544,0.1835265120828233,0.1551296409912423,0.0098595603269182,0.2155530657746169
2012-06-30 00:00:00+00:00,0.1062392023803131,0.1842771540734462,0.4840151907671397,-0.0306480269414682,0.1602352968019982,0.1520077487917965,0.1590084005454288,0.1675174708688704,0.0336595035936058,0.1702502913023704,0.1304062740020011,0.0141779200553988,0.2717059841862139,0.0021328132832703,0.2349233821616474,0.1298925155050019,0.0236646215426958,0.1882277517243749,0.2573360861275258,0.1286720248637822,0.2410301301596069,0.2556872852598315,0.1468202913628209,0.2550829214731986,0.3243874499807959,0.572269160262423,0.2008557653773701
2012-09-30 00:00:00+00:00,0.157889363957747,-0.0382868608820846,-0.0543217559059326,0.0946911590890453,0.2351373354252373,0.097936006122798,-0.0021671700780205,0.1265375744844619,-0.0412579034284642,-0.0756216601375604,-0.2434782498124716,-0.0799836218198553,0.0352557533910564,-0.0975029847546993,-0.1946066014643476,-0.1823013769074087,0.1822867799358665,-0.0835666819429831,0.0758225073253262,-0.0940843527506741,0.0825265594685242,-0.0656074541591504,0.0050968574193717,0.0870359894947114,-0.0847897598219399,-0.1812216392629803,-0.082610803682064
2012-12-31 00:00:00+00:00,0.0989447534270229,0.0133161443283196,-0.0822489426660544,0.0541011976812224,0.1206766277350968,-0.0734702043464423,0.1072995370036593,0.1700629209270923,0.0187729502740108,0.1218913098512797,0.0888888758971573,0.1937415450633957,-0.0036845635399267,0.0526100125817237,-0.0325793004636406,0.0793450643148001,-0.0090716109677809,-0.0148061358263553,0.0326209055404407,0.1616574679529439,0.0484561718306242,-0.0463174283803224,0.0872307884901955,0.0533479904884419,0.1705359165173683,0.3510786560717875,0.0590483343364165
2013-03-31 00:00:00+00:00,0.0210309385402489,-0.0330289706546044,0.0216689376312773,0.0619941119302307,-0.005329157731285,-0.1739129988378205,-0.1762504423354414,0.1111338472223761,0.0796373857238428,-0.0364958745220843,0.3272343814019416,0.1301124010769609,-0.0009551350985533,-0.0115308272751473,0.1478022018501827,0.0897719812506405,0.1029776578853791,0.0719227895047773,0.0473922657910443,0.1677841890194982,-0.1749984075468398,0.1012734223184506,-0.0607909912787533,-0.0467173047947139,-0.0606128208284494,0.3046573860661576,0.0012223850021346
2013-06-30 00:00:00+00:00,0.0167112969873883,0.1017428745286996,0.089849640893594,-0.0881562622165939,0.169691198339239,0.192982372275049,0.1334549961664362,0.0395598308050961,0.1925302593584861,0.2160807805575564,0.0917284987407049,0.2177056553186911,0.0768473699829992,0.1079562587492646,0.0448243476580716,0.1282029218505356,0.1507530882425316,0.1427616981145369,0.0964015268271041,-0.0751594220708828,0.1021342821372996,0.0378854619481332,0.17398871765283,0.0891614903424398,0.1213285953628353,0.0879864995118238,0.0651949524432744
2013-09-30 00:00:00+00:00,0.0783226880223226,0.0815890189808328,0.2083620636946366,0.0279189793620495,-0.1174003692157398,0.084663922755904,0.0048331547435995,-0.0504397120189744,0.0416438243564134,0.0587756025857717,0.1338027751505546,-0.0580149518352024,-0.0276654271252969,0.015669787544656,0.1762871795130289,0.0734411095801537,-0.1256130744509743,0.1171373589694864,0.1365493690343173,0.0533061372834406,0.0960241096648752,0.1686899444413747,0.014998006761336,0.0792089465617105,0.1348885695770996,0.0033970989428719,-0.0083749800154451
2013-12-31 00:00:00+00:00,0.1377172017835637,-0.0003762401915086,0.2349624439496311,-0.0531943160448982,-0.0793348225739799,0.1320937353037552,-0.0646221774362026,0.0580338007297018,0.0249527691454141,0.0502393182599212,0.0451917042709986,-0.0161581711775479,0.0595347731386159,-0.0291865983851741,0.3753317688751381,0.1657430177612548,-0.0092103802674694,0.1121763683484606,0.0495946583792499,0.1440068581942444,0.1303419943862276,0.1681714439458572,-0.0723605098878203,0.1281462056001279,0.1757661542739221,0.2544937795142097,0.0240673723418904
2014-03-31 00:00:00+00:00,0.2399750544124737,0.1152642885098955,0.1032197595423418,0.2305541415460987,0.1264188869859588,-0.035072698208763,0.151660288458804,-0.0362694466966293,0.0155773463249211,0.1548106041567367,-0.0389343799361929,0.0171921981720066,0.1550958321694251,0.011254353004698,0.1436839190384442,0.0837497384564918,0.0968638851816638,0.009090878108044,0.0263153075613016,0.2183592802164149,0.0095669903534296,0.0033502655539709,-0.0050262960591126,0.1206337664657402,0.1269385812955459,0.0831160150255603,0.0544799962310116
2014-06-30 00:00:00+00:00,-0.1381511414520617,0.1316782911237106,0.0924797826798418,-0.0293146541596214,0.0154152733839252,-0.0696808545895608,-0.0243027714683619,0.0389323952550899,0.0665444976597147,0.04129105798763,0.0127931440213284,0.0710101162018286,0.1664677304509905,0.0241057439951812,0.1184650215336384,-0.0462884857431649,0.1296627746027014,0.1599100067962999,0.0916700621302069,0.1955177978013402,-0.015710419058203,-0.0373192473027232,-0.0340054863248709,-0.0337100521569415,-0.0642924041594262,-0.0131138681147828,0.0180613043299848
2014-09-30 00:00:00+00:00,-0.0309047313301548,0.0005219169276156,-0.003675879996121,-0.0166421260609129,0.1361156495918458,0.0371640347412984,-0.0922833059365799,-0.098857975013413,0.0196364862605522,-0.0381486938563544,0.0981052599455181,0.0634738786670141,0.1398276186029032,0.0399803507356792,0.0026384704102808,0.0518374957577947,0.0125677241745076,0.0144625933381161,-0.0748672295758856,0.0007173623360234,-0.0848527375236094,0.0588745796391818,-0.0292027438484642,-0.1229466381864233,-0.1462254511122569,-0.0699567697807392,0.0772718088889832
2014-12-31 00:00:00+00:00,-0.0449170611164132,-0.053667890848922,-0.0875141190455199,0.0501221329997778,-0.1879145647539899,0.0159868205780002,0.1156438350671515,0.0982174010739782,-0.0086507734686608,0.0278569948739519,-0.1313266582469315,0.019405739660641,0.0536789869728659,-0.0593760093042704,-0.1687967969509115,0.1277540920559106,-0.0407763848692918,-0.0136624126491952,-0.0636114691826397,0.1500066718623391,0.1303134047563219,-0.0412261775826676,0.0729756311741494,0.1102765435768375,-0.0093827392841707,0.0027024795742689,-0.1190466001325283
2015-03-31 00:00:00+00:00,-0.0281610596269044,0.2141295765252842,0.0038675620191079,0.1722371327456122,0.2313852798667401,0.2723819372259113,0.1593492158177296,0.0135234256823513,0.2372485074359249,0.0097231506058108,0.4670050586201337,0.2259046970271501,0.1473660698380834,-0.0011205975850063,-0.0492988530039983,0.0866963368522655,0.1218749548791153,0.2855326383287215,0.1798744524680444,0.3010651711467802,0.2526629127614217,0.0960517436665984,0.2229644028287838,0.1507319426084439,0.2964280464115465,0.369341686262171,0.017900550819333
2015-06-30 00:00:00+00:00,0.2001167456645252,0.1234456093011648,0.0066019636549117,0.0470463721624105,0.1346173453356844,0.1556503882749162,0.1659329168997023,0.0163673851821344,-0.1330773038429253,0.1694680819189364,0.0288851832959993,0.0896643874433265,0.0357016994272456,0.0414626938733393,-0.00666047843926,0.0506021194302854,0.0621649986515606,0.1207121043554704,0.0969173446602953,-0.005031834646783,0.1122701563302326,0.1463590270263302,0.0971599849441868,0.0172045787687544,0.0871010189223295,0.0470820670045522,0.0958908701489562
2015-09-30 00:00:00+00:00,0.1813049548821859,-0.0285598519858027,0.0006523905085522,0.0507139433339074,-0.0220028193311474,-0.0146371758516252,0.0494702559263633,0.0577628797636367,-0.0051071320484842,0.1956948701343153,-0.0197397058951491,0.090596972847571,-0.0635824400910036,0.0031381332426847,-0.1115900748601287,0.1022478135642603,0.0210028837278895,0.0728285761891596,0.0326260106685534,-0.0351582115362232,-0.0480893834335041,0.1623619577707746,0.0177026617447482,-0.0191086279302941,0.0741415406575738,-0.1467828536435487,0.1691106843131351
2015-12-31 00:00:00+00:00,0.1905164838116728,0.093903139854957,0.0840874753428908,0.0032825689449964,0.0756177726008291,-0.1581575093298418,-0.0181439998429165,-0.0205829367775617,-0.0943986776066309,-0.0486848533728582,-0.1251491538644237,-0.1514238519148606,-0.0618597629184415,0.0406249485573368,0.0064687345584966,0.1344606321135524,0.1403719136956822,0.090570605922178,0.027501087724699,0.1421974079106891,-0.0285631184703147,0.0695581964087688,-0.0351232103985251,0.0532861682334953,-0.0511599213710501,-0.1292687945565135,-0.1250130300080569
2016-03-31 00:00:00+00:00,0.2232870454278062,-0.0011814967692437,-0.0013711814106132,0.101306005126259,0.0298998458185448,0.1685942275441947,0.0343604944507625,0.0610195479458413,0.0383438759435996,-0.0603195237674676,-0.1070759152704051,-0.0078426829055595,-0.0642921684101168,0.1996549527571176,0.1917516341820457,-0.003971355654332,0.0047276880536355,-0.0229852855356247,0.0934922278999728,0.0961318669795416,0.1385020420532974,0.0168516248471883,-0.0676969570947143,0.0033126933070199,-0.0234586814841352,0.0057554692438157,-0.0899233549693212
2016-06-30 00:00:00+00:00,-0.0604248537471844,0.0950672292952823,0.0436254895514638,-0.0202237360164989,0.0033951231120381,0.0570993546428464,0.0767936522290948,-0.0964812927681838,0.1951726800085398,0.1902138555610701,-0.0118388188758828,0.1911005225792914,0.0306240545723304,0.0884696772267996,-0.0148313243509611,0.0037188071465361,0.1244680718335193,0.1288448524449494,0.1199778131864788,-0.1613912717013587,0.0811157645346796,0.0507967066602088,0.134557246844265,0.1156852520362687,0.0987937428559113,0.2452927358811225,0.1468992411939162
2016-09-30 00:00:00+00:00,0.2124979556154065,-0.0082940818331825,-0.0248748942868548,-0.1436771321116857,0.0505246051414378,0.1256752073883971,-0.0529767613127674,-0.0041876350640605,0.0312691846281618,0.0657126619088404,-0.04038647637851,0.0547587556716715,0.0143560950412142,-0.0451501074979695,0.0392336544788121,-0.0944560274214301,0.0191734453653908,-0.0129220223282949,0.0790661745902912,-0.1518561270463171,-0.0366297956928906,-0.0627758414619611,-0.1471116914339806,-0.0198260075163247,0.0098101187149142,-0.0820944934915878,0.021039669551953
2016-12-31 00:00:00+00:00,0.1530427004490187,-0.0475885793828443,0.1730750537489622,0.1032648969513596,-0.0532275157136946,-0.1519513775377214,-0.0171861945022128,0.3687974225957076,-0.0162485065710872,-0.0339620362759917,0.0575916355042156,-0.1001247640618903,-0.0007290637919289,-0.0404408178181957,0.1496925461557521,-0.0502316690607749,-0.0796822692152924,0.006746072682868,0.0038504263984215,0.0863020394181965,0.1423159258034259,-0.0519832243834194,-0.0117357713998547,-0.0308249767324556,-0.2730721947066894,-0.0258567061895853,0.0943087290284123
2017-03-31 00:00:00+00:00,-0.0992782283436818,0.0404227617775558,-0.0061545550670673,0.0685622339095595,-0.0805753898648753,-0.0261536761345474,0.1851337481170796,-0.0832566564847044,-0.0355625618638999,-0.0030476778402923,0.2341964800048344,0.0936986646660682,0.2279033929297342,0.0515544847466025,0.1256204521954758,-0.0095395796844579,0.00561929496113,0.017169012541633,0.103796466213176,0.1311768228306644,0.0235365485759306,0.0328084908640802,0.0682436709003497,0.0184055790616157,0.1364782836430411,0.1355810537693931,-0.0273773746150234
2017-06-30 00:00:00+00:00,0.1828917802626573,-0.1146868028848916,0.2006131758331004,0.1332956836763545,0.2148744753913023,0.0034861753789527,0.1637420697862746,0.1313674393454516,-0.0484493195521616,0.2557490487782172,-0.1257328226511804,0.0323129504397006,0.1280888239853321,0.0914893135796297,-0.0546438665759989,0.0722030693705226,0.2806259626042358,-0.0788049437562419,0.1440505513824528,0.1706805871469761,-0.004171210499701,0.0605840593282944,-0.2504778117488618,0.0417668124504357,-0.0987208767660222,-0.0614920276409447,0.0100418493635188
2017-09-30 00:00:00+00:00,0.0697131414096463,-0.1840756682974589,0.0389742485816964,0.1184307274685712,0.032867072633109,-0.1007462906339857,0.1051718608770473,0.0248812476849298,0.0444028635966862,0.1182673745149955,0.1247574331737986,0.0436860857077088,0.0827892025754977,0.1839829123492247,0.1050027201613372,0.0592133851031131,0.140836378803757,-0.1479763362249275,0.0083788918287619,0.118885808046288,-0.1043774347924866,0.0008546420967809,-0.0149494966653516,-0.0826437589598543,-0.1901110327238298,0.1311290855178435,0.1596339540257783
2017-12-31 00:00:00+00:00,0.0057987272128572,0.0453201310957085,0.0077803203356034,-0.0067492976597147,0.1667515624611344,0.2372299610222974,-0.1271370167883037,0.119364209345792,0.037140913903477,-0.1134659704436381,0.2016001619241394,-0.0737373692275714,0.1077747855563391,0.0353523176331105,0.0101406199363951,-0.1125619429629303,0.1764947220737101,-0.0227304100648053,-0.073586648940628,0.100163709045028,0.1139608923696235,-0.0720530152915941,0.1311205228125147,0.0301314303778179,0.1518949663416349,-0.0357737249348982,0.0095478025034374
2018-03-31 00:00:00+00:00,0.2395980208864014,0.2324553797483222,-0.0391500657646387,0.0430132845314279,0.2802974313848836,0.2569677449638232,0.2263130852607087,-0.0172993200609219,0.0094493786048452,-0.0513768076383168,-0.1544587383118546,0.0009382111027467,0.2132589973856218,0.1101722090070729,0.0926530082314143,0.2280869185763976,0.2445426320033421,0.1571959218653635,0.1872889169312181,0.0153917633273903,0.2470234989335311,0.0766644597130181,0.1603229174518035,0.049632931188279,0.2066071620488427,-0.0802521506906048,0.1106187951409145
2018-06-30 00:00:00+00:00,0.153892767933867,-0.1675264850439665,0.1378960343401236,-0.0256082862832225,-0.1690554692632598,-0.1314748421615957,-0.1215776717497929,0.0341570167216129,-0.0945649428432562,-0.0849318236159401,-0.0747375510751778,-0.0882977365242919,-0.0102601554255382,-0.0837213532400061,0.0145336789042367,0.0129777207058612,-0.1721266713807843,-0.0528764862643041,0.0969680007463382,-0.0294263703018841,-0.0559928296388159,-0.0188264246923554,0.0283838899887036,0.0548327743608214,-0.1987465414544649,-0.0982447787891674,0.0309800832134863
2018-09-30 00:00:00+00:00,0.2491198884632264,0.0891461648342351,0.0084102583599645,-0.1087087437640099,-0.0265185112041116,-0.1098517222347628,0.3121218729602781,-0.0683433557993228,0.057070951335389,0.1187542863989803,0.2306408564275741,0.0292080418306091,-0.0394460486359651,0.0009289100465819,-0.165657762898147,0.2253409153992183,0.0234661806919809,0.1628261050680857,0.0701847360753926,-0.100657405007229,0.119073744311779,-0.1231055349281651,0.1078565158547604,0.1835208991708543,0.2594424036429579,-0.0163051515449534,-0.0631979871246147
2018-12-31 00:00:00+00:00,0.16955500497755,0.1535466351240824,-0.0286775831410549,0.1210456051190014,0.0309448453533407,-0.0215398974757535,0.0041316304263119,-0.1134444580874017,0.0986930191391834,0.1434694506534184,-0.0006779959833419,-0.004227025385988,0.0180397883616389,0.0691046244928801,-0.0394096636104515,0.0806382880445748,-0.1713646606220368,0.2595804044057281,0.0936293027875188,0.2537049942966296,0.1683315180032059,0.1407855802100373,0.1767905965621008,0.187072580992911,0.1964102860375884,-0.1857243468736508,0.1625687305493379
2019-03-31 00:00:00+00:00,-0.2321090481611514,0.0884403284766668,-0.1344804877136737,-0.2089732713359664,-0.1610989013533025,0.1092191145003034,-0.0786796372020184,-0.1125807916023611,-0.0385203910341573,-0.2380316991269307,-0.1454742959090957,-0.1662123994004543,-0.1598013287943471,0.0628531926270934,-0.0605004449077896,-0.1205323648102063,-0.023134126765356,-0.0133900309420954,-0.1237092677255445,-0.2406408890871829,-0.1477865444294116,0.1634643827724027,-0.2427809518209447,-0.2012365719453127,-0.0861856373922346,-0.0806953601618943,0.0154814747976876
2019-06-30 00:00:00+00:00,0.1787114341634379,0.2280674374143594,0.0217982326127907,0.0559120625321065,0.1872227295588255,0.1372807531952691,0.2142664945075316,0.3109495711785843,0.2016694074387122,0.0787315638066248,0.096871500013812,0.1939566736705291,0.1898659965010098,0.0768454465164139,0.0606905878017796,0.153784353004047,0.1429969647060982,0.1477063331378145,0.1535732740326194,0.1891984199127838,0.1283133257894921,0.1558766569794112,0.2143116412746155,0.1961347956755321,0.1893774454528181,0.2561215447382241,0.1048901896747385
2019-09-30 00:00:00+00:00,0.0595306302817719,0.0670869281113937,0.0791197928634965,-0.1045413986103791,0.0494009779489339,0.0614153012169076,0.0155961336647334,0.0627732680969146,-0.0680410024931607,0.2504228568191449,0.261908267659088,-0.0817976468357661,0.1122994033136952,0.1014816566000731,0.0842979918658675,0.0049011972865029,0.2171167990798326,-0.0439291306933142,0.1435359048440756,0.0271837158968029,0.0527819689355226,0.1484889224023609,0.0969517363696337,-0.0003256434142792,0.1384834480054357,0.0926540435703315,0.0931465804601314
2019-12-31 00:00:00+00:00,-0.0970455171853189,-0.0137605862627659,0.0419348750913817,-0.0719930731619558,0.1967767306916343,0.0287038220294841,-0.0308434935694258,-0.0304939177943385,-0.062836378262069,0.1064061351190925,0.0175539090754077,0.0455890372854959,-0.1230267333115929,0.0185421233974112,-0.030751454420931,0.0832267080034192,0.1042119993875732,0.0703371730176474,0.0439929495028323,-0.1075002677360557,0.106872997936428,0.0270596382350487,0.2279019540600138,0.0503960902021525,-0.1853278060413948,0.0726377101019506,0.0347865604130961
2020-03-31 00:00:00+00:00,0.0935441604197926,0.097880297496177,0.0488112647299427,0.2215645457035362,0.0134196502528329,-0.17192054058016,-0.0331273552810146,-0.054428924157006,0.0964179692554045,-0.0943095807308154,0.0092456835297298,0.2651787001427579,0.2319991554492322,-0.0332181414045904,0.220974177338405,0.1103887056547812,0.0045150170997114,0.0919708846456608,0.0762398247983646,0.2945840032243874,0.0712860861719204,0.0379914443459052,0.1970699622156688,0.1183239709628773,0.0406221070274135,-0.0332387976289996,-0.091067340209368
2020-06-30 00:00:00+00:00,0.0051053968397911,-0.347033812658072,-0.387042241334351,-0.826491767775313,-0.3765521427192457,-0.2222221860648106,-0.586865507054597,-0.2035256503504737,-0.4017549294301387,-0.3302959680322181,-0.415037433127732,-0.5091747411934939,-0.5417038901174096,-0.2073319614998957,-0.64773532182771,-0.2226043548752149,-0.3548387096774194,-0.3434585682643545,-0.0856075248999418,-0.8067151710784408,-0.3037771914461926,-0.2958942600358319,-0.2400079726179022,-0.2741505406855637,-0.0946405474754799,-0.4522694864352266,-0.3349007178162283
2020-09-30 00:00:00+00:00,0.5089898237148787,0.4551914138777007,0.3044595951465543,0.8590909381543304,0.6542409423969253,0.2803673740574655,0.6538464095984424,0.8468478418284886,0.38138482238667,0.075815616551411,0.7001527044571343,0.4250204625387674,0.2526391302200008,0.1752621738374502,0.4249887283877633,0.2323987931745996,0.3219501669476141,0.4833071769269472,0.4032284877641516,0.9724486273536932,0.0752251384716204,0.1888911166350275,0.2552789238521447,0.1470193512005595,0.5846144345553788,0.5946222675185808,0.2845914164174858
2020-12-31 00:00:00+00:00,0.1189982024661706,0.0453258714171378,0.0507538483272611,-0.0812958941174385,0.4432818830690479,-0.0162757966912984,0.3780054316329251,-0.0080273448619331,0.1144550822720658,0.1209898685063517,0.0502134507893321,0.2224339645496624,0.0892402684394173,0.1961153052758897,0.3013014291496998,0.3030857070409845,0.3271948862809961,0.0879647300213462,0.2050979357292985,0.2895927571175938,0.0876247737507196,0.1780608408982591,0.3398117477705764,0.1152793877944289,0.0734400440211706,0.4516679372299992,0.0673119514223592
2021-03-31 00:00:00+00:00,-0.0107504908613342,-0.0011169704513642,0.2415977978144334,0.3559547254055606,-0.1290301834778618,0.1640361297952055,0.1116009720105604,-0.0137266190492982,0.0450509541617014,0.117681380651905,-0.0020322474740942,0.0507852886370683,0.3224165374478334,-0.03698018473424,0.3612732968860739,0.1085111500554243,-0.0443818342670007,-0.0206877133238366,0.0891111930531798,0.0788710527549956,0.2345248872386511,0.1942146160726452,0.1246172034894324,0.1704622719855129,-0.0134667575391543,-0.0280790032896274,0.1576541698079574
2021-06-30 00:00:00+00:00,-0.008042942941016,0.2019992684468208,0.1009111514814904,0.3179588673418381,0.3553925550757602,0.0840658094121071,0.2450354678361341,0.2293205743538582,0.1935011530019488,0.0456388476465712,0.3216505200989974,0.0806932261381971,0.18834647326821,0.0778977724118985,0.3368061896826029,-0.0521097027704692,0.1842600302999872,0.1186201862649858,-0.0132057028569305,0.2255373169834988,0.0317823669013053,0.065428363093811,0.1340176957864185,-0.008687814444564,0.2671645502435436,0.2818808045582581,0.0425841981046613
2021-09-30 00:00:00+00:00,0.0860391978540187,0.0753362022662211,-0.0723788562987624,-0.0186150405300923,0.0213424903391619,-0.1381868075640053,0.0331994325975621,0.109360932175468,0.1071374983427604,0.0056440320162236,0.0589571358073088,0.122617372624372,-0.0609023200140701,0.0370445620795147,0.0962963133879353,0.1945890980026874,0.0682753729088496,0.1330392591551832,0.3166686828702174,-0.0089996721231631,0.0396554329398164,0.0409695050034286,0.2169231791577115,0.0325245352599459,0.0673240294430803,-0.0198226475121905,0.0609600357487318
2021-12-31 00:00:00+00:00,-0.0436094939033648,0.0960524147156762,0.1112433432974786,-0.0102428092379346,-0.095709235669708,-0.0193173879935281,0.0604145952938408,0.003905909381042,-0.0442457614203171,-0.0591886306769881,-0.0260376893720514,-0.1126093621908222,0.1201522604857048,0.0516287849783516,0.0308631852410246,-0.0677048761756239,-0.0638824485385681,0.050505748048218,-0.0517824403988399,0.0749796599322301,-0.1090378271412123,-0.0004562582715337,-0.0585947968854566,-0.0151244306376822,0.0747861965845528,-0.0593905082797889,0.0697488005517437
2022-03-31 00:00:00+00:00,0.0380201450264932,0.2229470839351273,0.0022598555534774,-0.1793790830894865,0.2595937781037039,0.4408041777124043,-0.0393212238212998,-0.0420415847053707,0.1395931989606618,0.1549488352331529,-0.0013366737579603,-0.084441991549328,0.0509073887152018,0.1117153180142882,0.0138917021118583,0.1217595599107845,0.2030538482479615,0.1513797889458348,0.259938044952906,-0.1245532631276243,0.0212750291059899,0.0377534208409557,0.0189231921901469,0.1384494035834964,0.1733011957669583,0.1408173937008803,0.1086330921159592
2022-06-30 00:00:00+00:00,-0.0401661803055957,-0.0345213587981191,-0.038022828122543,-0.0635217477834755,-0.274343236020793,0.1293475578641241,-0.1191836931826003,-0.1324979901228896,-0.0804119894789471,-0.1671416225569963,-0.224549277952696,-0.1283165679998716,0.0596057687758768,-0.0668085714745331,-0.0793020816727217,-0.1873159257774715,-0.2128882283113419,-0.0409661891335602,-0.226152637458978,0.0350117617585419,-0.1964368895822383,-0.2119138370044,-0.0883706365463774,-0.1910579314521958,-0.034090993400103,-0.2522205448212288,-0.1256748433341032
2022-09-30 00:00:00+00:00,-0.3301540768283213,0.0938460924035125,-0.2533332024830809,-0.5600997491051634,-0.0770233059574694,-0.019820539098603,-0.1132668672750855,-0.2534369250103788,0.0659457542988832,-0.0291957179694616,-0.0590922918170268,0.0026173214878399,-0.1971666980669856,0.0205093908054581,-0.2834357378015473,-0.240333461824757,-0.07999717251373,-0.0469711818916811,-0.16995552491705,-0.578173536417141,-0.2092650876451107,-0.1275740447304044,-0.3209514503384622,-0.0747953205313415,-0.1295636972330269,-0.076850487188076,-0.0128902276461395
2022-12-31 00:00:00+00:00,0.0576852851009257,0.0175477941650232,-0.0503682283737068,-0.2233559930107131,0.012345034018929,-0.0935560886687261,0.1082101231768062,-0.1278822420930756,0.1532979830420833,-0.1445407622880924,-0.2690191086410325,-0.0216021605464807,0.0134685389689421,-0.0645627833310186,0.0204244070624712,-0.1535353632742964,-0.0085801847942498,0.1290875096614845,-0.0661557564234048,0.0651742192122579,0.2084918732303526,0.0863971998859371,0.0727726220462323,0.1277183165312134,-0.0067027268237066,-0.0992865691176524,-0.0605347320764316
2023-03-31 00:00:00+00:00,-0.2594062674410972,0.1061787505193394,0.2104197615703078,0.1635036352046721,0.2856146317221073,-0.0098129152809157,0.1262583523489568,0.1381765535666566,0.1159704179634748,-0.0922463900366138,-0.1048124992327244,-0.0284704998243221,0.0519820647964488,0.1295089383482273,0.0873159710211164,0.3947832980292807,0.1103712123011042,0.1706094039811079,-0.0791439411904196,0.2958232809664269,0.3510065602954619,0.184413550511723,0.0058748292321835,0.26132576464363,0.1546448612085535,0.0355629764239402,0.1689292399341693
2023-06-30 00:00:00+00:00,0.1933116292971239,0.0331048919109402,0.3114736464075294,0.2509410952931863,0.0847731919941463,0.0552545294704276,0.1086550899679994,0.0565012815513676,-0.0034512676434905,-0.1359856295467774,0.0649736556903533,-0.0087756301889712,0.1157125447793465,0.073541040664274,0.3296274526165981,0.0275110063848853,0.2151474311908157,0.0323889552440781,0.1309794647373265,0.319031039631652,-0.0591342813567796,0.0450795185400403,0.101306562465441,0.0018021571966355,0.0876109421119262,-0.0717341847189574,0.0540577052497224
2023-09-30 00:00:00+00:00,0.2715554786068537,-0.0111724512280617,0.0208615292125531,0.9017049725840164,0.2275552833097391,-0.0036483569094915,0.0967854463232098,0.0273425099214075,0.0046854331419174,0.2397213630733972,0.2722205223382474,-0.0494528296176646,0.1236844717211318,0.0505600911526054,-0.0101695087669932,-0.1002780948337481,0.1272759446084004,0.0911688504751557,0.0985353025183739,0.6062256620383799,0.0263421656067319,-0.0496546557548378,-0.1823845665257211,0.0727675176572111,-0.0809414861055656,0.1477814175104228,0.0352865327012841
2023-12-31 00:00:00+00:00,-0.0058362348311444,0.0158849483314251,0.1370816308879365,-0.2805906644534983,-0.1146210538238916,-0.2902963124990041,-0.1426937984403878,-0.0317342238717438,-0.1303385416299489,0.0033298273173814,-0.1511685156371008,-0.1450679309784583,0.0543359812208825,-0.1210971118913101,-0.1600456265670851,-0.1304448860917156,-0.0517825215649501,-0.0511678222517698,-0.0578316797785918,-0.1114341421310799,0.032895618398004,-0.0759864534554675,-0.2021016238443732,0.0567710301827648,-0.0748075773909843,-0.103011605015886,-0.0846804521125753
