Date,ADM,CAG,CHD,CL,CLX,COST,CPB,EL,GIS,HRL,HSY,K,KO,KR,MKC,MNST,MO,PEP,PG,SJM,STZ,SYY,TSN
2000-03-31 00:00:00+00:00,-0.0103088255682817,-0.0265956545058709,-0.0714281967176904,0.1298918255062593,0.11001428822183,-0.0674527124869515,-0.1617444786611486,0.1779991569261376,-0.0862359540387405,-0.0891094695864739,-0.0654908590701898,-0.0981126810322571,-0.1732352313926209,-0.12173906281105,-0.0855484062663292,0.0,-0.1113004321983245,0.0732471695472869,-0.0451000557796569,-0.0437505355667836,-0.0667444665672034,-0.0081302762477485,-0.0821431050813483
2000-06-30 00:00:00+00:00,-0.1213392556564306,-0.178149863674936,-0.3100071555185729,-0.0256008728105606,-0.2943799742045343,0.1797757865140465,-0.1709750579868384,0.0239705547603523,0.0485028231824251,-0.2701526353994768,0.0191526378543147,-0.1475437113200824,-0.1219976860008181,-0.0033004989304649,0.1168126345147118,0.0289835734623205,-0.0028839276344239,-0.0160012469673669,-0.4433747908507258,-0.0653588914299055,0.0338767397975112,-0.0378579921831604,-0.3595251467072375
2000-09-30 00:00:00+00:00,-0.0429791259265683,0.057837789819122,0.0598354952928013,-0.0075865988199741,0.3344709022656702,-0.3488099661827235,-0.0441563842582695,-0.0273221919783671,0.07441264731352,0.194429043273171,0.0291888667606512,0.2310894643875705,0.1837993510548223,0.1622519419262582,0.072460188440512,-0.0140836341501371,0.2129025341454353,0.1943898711540272,-0.0565489528074045,0.0839156924265651,0.0048544986438023,0.1506066583209997,-0.1306249356934963
2000-12-31 00:00:00+00:00,-0.0369675875958256,0.0583887836770291,-0.082435101598779,-0.2131693480268617,-0.1209189708268273,-0.0365635307182292,-0.1154842736430356,-0.255469592263793,-0.0604247685437925,-0.063349903050401,0.0978070337706649,-0.2154967156503286,-0.0172851734627603,0.0085463017315476,-0.0867709638100013,0.2285783136981687,0.1094628038108735,0.1053643393109009,0.2254847543021148,0.2612907399124275,0.0253622197676619,0.0955344719300521,0.1033300336937954
2001-03-31 00:00:00+00:00,0.6100995682776242,0.2649061925423792,0.2579723191701688,0.3346217623273142,-0.137482908980716,0.2504742743107888,0.3714549792617192,0.1668609048395426,0.2444968010516848,0.1567479944424574,0.2462920209231398,0.1126172601766828,0.0698951712256203,0.2062153453789224,0.2360576420264257,-0.2906947383717081,0.5806201685837016,0.0455286422246388,0.1588839349163149,0.0872652189307454,0.0742049905105142,0.2693590200920233,0.2151901170331966
2001-06-30 00:00:00+00:00,-0.1088137421887756,-0.2835824099921983,0.0660724144299058,-0.1199916988462956,-0.079992086555516,-0.1213956513639974,-0.149022044675081,-0.1482951280018042,-0.0209844781083213,0.0254511542037512,0.0606919690269467,0.0266093218836325,-0.2433247384840802,-0.0542386834940523,0.1451032321699117,-0.1229541812006514,0.0108554371543876,-0.1051137642056254,-0.211450133849851,-0.0368706337469951,0.2566665246977029,-0.0708608282163283,0.1090828061140358
2001-09-30 00:00:00+00:00,0.044818671997131,0.0909006633181406,0.0743820365800971,0.0967947956862735,0.126687323568065,0.1700170853403264,-0.0580776280751957,0.1884036068017898,0.0290038305274349,0.3072802105922254,-0.0996675489632927,0.1211277327404765,-0.001537948949535,0.0071311982495083,0.0171852711075066,0.0646550889717776,0.0680348674746771,0.0291529598165611,0.0530119022655639,0.0343324260612205,0.1916793881738887,0.0664634296744888,-0.2856697886697129
2001-12-31 00:00:00+00:00,-0.025525334695631,0.1600908170867039,0.0469577663896312,-0.039851668132702,0.0650034785263757,-0.167453807874306,0.0280884463863118,-0.2315170268516649,0.0258794766295233,-0.0473734497162211,0.0503392956654407,-0.0114904324934825,0.0217654040171273,-0.0562549286262716,0.0687170035127002,0.0168540680334872,0.02401492253741,0.0863128621259612,0.1289824313209664,-0.0323792273049344,-0.0381910020560205,-0.1041380231957505,0.1107567606460151
2002-03-31 00:00:00+00:00,0.1374125292314738,0.0708986376580342,0.0343911314456932,0.0069192663291794,0.0650428848616295,0.2609930333494799,0.0777047554587742,-0.0275288487183107,0.1497007311084639,0.1371464660653951,0.0549385880974877,0.0373800147413785,0.0338186362466237,-0.1446437845321807,-0.0639080798297277,0.132597831847024,-0.0433850675514922,0.0073044263944102,0.1110775526853704,0.4128369205137863,0.0414130229218114,0.0451689104344508,0.0999905183686591
2002-06-30 00:00:00+00:00,-0.0026356730601335,0.0252168212651238,0.1228226569907067,-0.014576500449803,0.1051894600703156,-0.1079863348031924,-0.1072029145078904,0.0629556926637073,-0.0476863217620743,0.0379847294177042,0.0188248880147257,0.1190680109437036,0.1063496288821961,0.0623780259066057,0.2149044708291996,0.0365973936050925,0.1533184542400687,0.0494079459211735,0.1302671085079199,-0.0489083291153297,0.2807014045359812,0.1107754662311488,0.1649815066594251
2002-09-30 00:00:00+00:00,-0.0946707641434431,0.1226590194681347,0.0730622757335301,-0.0839329848733668,-0.0126605900665599,-0.0474145137013215,0.0323034410480969,0.0451440381225791,-0.0819128650847572,-0.1205366244698199,-0.0751341176154655,0.0777742059404758,0.0814431874264987,-0.0802749620850554,0.015347813967069,-0.0164667239878875,-0.144224690572138,-0.0440906349476407,0.012431514555079,0.0167991248298586,0.1324201617015814,-0.0904973238726001,0.1621323265551011
2002-12-31 00:00:00+00:00,0.0026473285830166,-0.0503222667724798,0.0595657229273338,0.0644305477981921,-0.0216906056499549,-0.1209959896346138,-0.1548986161170553,-0.2022471965023161,0.040061741059014,-0.0553457642995391,0.0010840061406851,-0.0420522674328294,-0.108123805660067,-0.3092270004923857,-0.0744882428161433,-0.0191539907241626,-0.0822561522247491,-0.2279120268208461,0.0177988624723539,0.1160132949102179,-0.2422579908693327,0.1069818137126481,-0.2129836894151141
2003-03-31 00:00:00+00:00,-0.0075077884345741,0.0221349892276754,-0.0885326665337872,-0.0151170082053063,0.0221437632992402,-0.1262048772019485,0.0668815405833982,-0.0486643450161775,0.0531494690738061,0.0420802046016177,0.0795622948351455,0.0371769582781793,-0.100085170408297,0.153790721441128,-0.0016804821439505,0.0365973936050925,0.0067463644291494,0.1472475020626,-0.0324674029417253,0.0977656371961133,0.0485314071968336,0.0433136040735497,-0.0311845952854918
2003-06-30 00:00:00+00:00,-0.1346835680791095,-0.2015057332254189,-0.0062411485646328,0.0259383116509535,0.112929097119369,0.0482590633625084,-0.1116624782513306,0.0999253857042099,-0.0339869659279407,-0.0994581328404938,-0.0666386492691377,-0.1189818181158082,-0.0941510655573141,-0.1564456759728382,0.0182206535641675,-0.0023491434550222,-0.2910243736207174,-0.0686844014338837,0.0243568699752081,-0.1267427710021542,-0.062119299429251,-0.1492145708353659,-0.3092502046750401
2003-09-30 00:00:00+00:00,0.2144831145724022,0.1861994252983998,0.1026656039788289,0.0635458908433104,-0.0689673707746736,0.2005922183733199,0.1527053755545073,0.1264406739686656,0.0509076609005221,0.1411850322448027,0.1286873469232734,0.1431086803809469,0.1564878117209425,0.2381308357754614,0.1140173209468886,0.0070641091181848,0.668147008162729,0.1143229545719617,0.0095168358074235,0.1512516730530042,0.3311684492038715,0.1684341855728957,0.3788701370712606
2003-12-31 00:00:00+00:00,0.0267999231789082,-0.077776827983883,0.0674556512185065,-0.0178095788133352,0.0707444620391386,-0.1153108267714853,0.1031038606920455,0.0517605148847564,0.0015896713958905,-0.0302999434562297,0.0541253196634261,-0.0134380211338046,-0.0512833004921331,0.1174353209408811,0.0581552688490505,0.4262460132091643,-0.0234350463980397,0.0553785072229799,0.0500700228022488,0.0564893123795271,-0.0165853983927978,0.094589935022789,0.3262931879126123
2004-03-31 00:00:00+00:00,0.1520923166743673,0.2124406393731275,0.115918041422051,-0.1253718185304334,0.041998717348437,0.1244581996038367,0.0032089059994766,0.1123511016576626,-0.0487860701799854,0.1118877116294148,0.0400789317168404,0.1249497281953968,0.1526315110577518,-0.0091151602167232,0.073427697853732,0.3595952271559213,0.2473636155553416,-0.0013423287941068,0.0583399759571059,0.0674009043296826,0.0879629967508748,0.1268143267187114,-0.0788397177444465
2004-06-30 00:00:00+00:00,0.1077464717187792,0.0554699613372531,0.1123041722121522,0.1119990928541745,0.0374604356836607,0.0283591056415908,0.0093589651754273,0.1459683115116385,0.0487928744181827,0.164570449034876,0.0831091333228548,0.0431332770583705,0.0096267400060177,-0.095779069416017,0.1296335058249207,0.8429913446280968,0.0201038599979503,0.1690648621797323,0.0755731676838329,0.1872464207060786,0.0039515444695574,0.0563039704726926,0.3882588993574447
2004-09-30 00:00:00+00:00,-0.0033018943737038,-0.0087729260172291,0.0173287351093329,0.0739556999288144,0.0862974945470391,0.0971760523602307,-0.0046374398162717,0.0957014746639632,0.0183431733516605,0.0544492153297937,0.1282991985779009,0.0621996015982388,0.0004947471543672,0.0771992688160012,0.0256498287593416,0.6068205728976008,-0.0827792904264381,-0.0069235130933897,0.0286943764922809,-0.1373022022296055,0.1162581166512899,-0.0880185004582215,0.1551996686077239
2004-12-31 00:00:00+00:00,0.0119339608975834,-0.0215233967242231,-0.063408639661171,-0.2283710858960136,0.0270030390813649,0.0372732387066481,0.0026228306643767,-0.1300846143963248,-0.0398736662501473,-0.1363547344803436,0.025650383522485,0.0383811148633823,-0.1948779518775277,-0.1222221456087314,0.0136989164394687,0.0195759297262709,-0.0224379852170352,-0.0605666610778771,0.0122010275060191,-0.0283931197716791,0.0585836823985341,-0.1278727295798515,-0.2163918525036906
2005-03-31 00:00:00+00:00,0.3095803355565363,0.1421276206551986,0.195849588605546,0.1144969369598236,0.0794332902874757,0.1349949567298363,0.1309645907857595,0.0918510806293149,0.0869416824920428,0.1432426100600135,0.1539283279885772,0.0447177424264106,0.0370175584504959,0.0854428383128038,0.1006426271560074,0.4695968080181778,0.2784139363991418,0.0418863357396073,0.014481603587755,0.0636567924518751,0.1903666790179878,0.2148679582834887,0.0974643556384529
2005-06-30 00:00:00+00:00,0.1410096775546316,-0.0790672233008831,0.0764178990857251,0.0349766514857257,0.0823173118260334,-0.0838286089607948,-0.0417367808157009,-0.0146959613883005,0.0011255613466649,0.0160350909814199,0.1095385392717065,-0.0320806824696803,0.0026669314932337,-0.0862972085581826,-0.0940537921654346,0.5996215410133512,0.0871634041254396,0.0201456902574377,-0.0424723700319435,0.0662077516260006,0.1446405671702069,-0.0398786718095183,-0.080031803669491
2005-09-30 00:00:00+00:00,-0.1360073569208613,-0.1223434300580629,0.0191283219637925,-0.0230852718188029,-0.1094021960154963,0.0288473502537394,0.088984508568666,-0.1429205998767583,-0.0368611936375519,-0.0329146332494038,0.0389592885299501,0.051484880726629,0.0265982124144856,0.2035735666783928,-0.0435160119143275,0.4441038243332318,0.0083386366467668,0.0189544977873126,0.0107216590404617,-0.0452053702715139,0.124482541299659,0.0259462394351477,0.0791187468332239
2005-12-31 00:00:00+00:00,0.1569952910861882,0.0804527341435334,0.0046384296325863,0.0648974432625382,-0.0157994530451625,-0.0440937203853988,-0.0325877129337693,-0.0833764910521903,0.0338913320815519,0.1060401215929216,-0.0656565563595181,0.0410931181311602,0.0302099607514385,0.0896075120794406,0.0030878075658333,0.1144092319666323,0.1530984669808417,0.0610632725684501,0.1269209648352058,0.0392013496142624,-0.1371235064598711,-0.1235860827626201,0.0264780811424618
2006-03-31 00:00:00+00:00,-0.0114377519044838,-0.1607537977692441,-0.0757638460386721,0.0418448119863015,0.052578586468972,0.167993390619934,0.0240780233461492,-0.0440429444280644,0.037467478923679,0.0107813748924174,-0.0485518317499733,-0.0476219699538815,-0.0472237520211578,-0.0778589190791299,-0.0349228570997545,0.7534368436365388,0.0216944482513374,0.0621366158391853,-0.003896714099044,-0.0635786142927912,0.0073647086903261,-0.0167670337848773,-0.0811768787872029
2006-06-30 00:00:00+00:00,0.4489044648472426,0.0688454723125888,0.0952100969167806,0.0588728865667924,0.0699033384746328,0.0906867745427852,0.0883328102996323,0.1208758248566017,0.0336925136506425,0.0373309696587296,-0.0475496348363466,0.0131298051053054,0.0311900076998292,0.0691295417785025,0.0906539389690785,0.5328029468675042,-0.038532673079538,-0.0277306568476733,-0.0105877978492544,-0.1122882019880726,-0.0284728925096109,0.035575492892842,-0.1735997415191397
2006-09-30 00:00:00+00:00,0.2248711516445349,0.0285039609444437,-0.0055133199774071,0.041301771803889,0.0090882495760846,0.0624507788920221,0.1617502370352017,0.0339841288283429,0.0259287441736788,0.0988465705998291,0.0667669033556976,0.1117118389615432,0.0432930867487768,0.0824549886573509,-0.0014763317227126,0.5594805013321875,0.050526660774725,0.047022191944569,-0.0218990822717088,0.126915188224145,0.0043567029316784,-0.0360609216988824,0.0810744710822775
2006-12-31 00:00:00+00:00,-0.1135721072305803,0.1147157457705252,0.0737362661181912,0.0476518362236808,0.0394283272509625,-0.15120778894843,-0.0351606529954741,0.031573551248619,0.0950972897486872,-0.0319177069746026,-0.0338856988642483,0.0181786624360942,0.0332074228212373,0.0574178785374381,0.1231041717878664,-0.3637051443967137,0.0441575970525502,0.0722974183714311,0.1081090582905763,0.077446048706528,0.1376179155536763,0.0694394501068846,0.0620913279444745
2007-03-31 00:00:00+00:00,-0.1550750756337304,0.1133530918295495,0.1314061990389861,0.0580168326232002,0.0182888933990661,0.0865918716283051,0.08271214689922,0.043284286806398,0.0242932648072609,0.0630006914162253,-0.0571435106099744,0.0303848938083062,0.0989843417526783,0.0081723167013565,0.026797199034328,0.0758009548357638,0.1417130556157528,-0.0204473663604998,0.0455029010511016,0.0337812394705319,-0.0155977533835256,0.1165486537459121,0.0421045378620519
2007-06-30 00:00:00+00:00,0.1550797184095069,-0.0771096153262406,0.1625778334529395,0.0106622315409334,0.0010326119029866,0.0226245909622064,-0.007216633955674,0.1951808156910368,0.015650398851587,-0.0117609943346267,0.1213142717990216,0.0347219172940318,0.0058968382261113,0.2352968882788508,-0.0057293930438024,0.1627358393090496,0.0612772022504863,0.0154978700230932,-0.0188715581878526,0.1062278782590178,-0.2640846079089565,-0.0659649549316663,0.2068837995677233
2007-09-30 00:00:00+00:00,-0.0701595943830071,0.115972072662025,-0.0444493321433376,-0.0084475357128137,-0.0213241185417853,0.1205983789065874,0.0101435626253332,-0.0724901378720185,0.0228112340902009,0.0080118805274564,-0.079480024191271,0.0027279627820895,0.0905143237105206,0.0099812253115314,0.0015496567227439,0.1270283137500063,0.0496098171913408,0.0358754604361679,-0.0149013889418563,0.1792344682059814,0.1933013968691801,-0.0053714448192991,0.186471537445223
2007-12-31 00:00:00+00:00,-0.0271504529303573,-0.0454423386546809,-0.0402200049444848,0.1042553144746247,-0.0100249893410272,0.0283712386456478,-0.0417731567044197,-0.0579580654086427,-0.0047539662960104,-0.04414304279242,-0.0620570824652143,0.0870093336353123,0.108369470338582,0.0026057215242176,-0.0504751555758463,0.2902137830882594,-0.0049201118558092,0.139612821508501,0.1549757456658205,-0.1505150373403776,0.0040097826237837,0.0814728397521187,-0.2330919282123124
2008-03-31 00:00:00+00:00,0.3688116501707219,-0.0970010493777433,0.1432131673719863,0.0861123331119937,0.0509194833777222,0.104840041735571,-0.0404676135208204,0.0176901138480325,-0.022391888105224,0.1252710407224109,-0.1760891983543655,-0.0728133596111453,0.0608219176863269,-0.1046163362145835,0.0442642203651204,-0.2470795119848662,0.0844357281821057,0.0222963617696301,0.0248079924411044,-0.0459469847044282,-0.0623002478488529,-0.1408176572186587,-0.1510948788852749
2008-06-30 00:00:00+00:00,-0.0710485426331409,0.0487875898790555,0.0407169199608925,0.0184690905446016,-0.0940954366480882,-0.0220134893362174,-0.0134360185190615,0.0992581555048233,0.085624993907627,0.0536668232316501,0.0203184550799533,0.0554127232964196,0.0121962957534091,0.0087781204820054,0.0196765775520635,-0.0822138701720894,-0.0313892673366636,-0.0368137253404472,-0.0112153895627727,0.022027256609491,-0.1856901606665516,-0.0154556156814524,0.1169518198947223
2008-09-30 00:00:00+00:00,-0.20323668965462,-0.1733157408166906,0.0121333648463253,-0.1100875981956334,-0.0785813162260429,0.0935069050630288,-0.0066983429226009,-0.0270043370975862,0.0062796152424895,-0.1825505836090417,-0.1609687209452731,-0.1065628200127802,-0.1644482674608817,0.1498183485326873,-0.0521084238833083,-0.2909411263853816,-0.0790075010130176,-0.101472350156743,-0.1237695758520885,-0.2071221540063114,0.085251644812595,-0.0672376859396081,-0.1448626222913908
2008-12-31 00:00:00+00:00,-0.3537585789576082,0.0117703882749227,0.1217635082466976,0.1061623785735523,0.1946360138866605,-0.1061263389276536,0.1864658530749159,0.0925846541680774,0.1594311541036279,0.0846390431765535,0.2344488989584645,0.18413898686,0.0695134148978162,-0.0658338703613732,0.1073808552490078,0.110675860086016,0.0373615765938422,0.1192708740772399,0.1570795243553797,0.3938221292204824,0.042409405732974,0.1412343832826492,-0.1014029551623733
2009-03-31 00:00:00+00:00,0.3703319280891535,-0.1464526091051349,-0.1128696750026182,-0.0859040513277563,-0.0879211266244015,-0.1727660302156002,-0.230681771358214,-0.338570136213756,-0.1341239652937709,-0.1433307820480357,-0.0965440289779253,-0.1967898296282462,-0.1453044516561957,-0.033874828875638,-0.1674565679897387,0.1153476441337928,-0.2445191307529304,-0.2125864937249592,-0.1132099432625122,-0.1479163634238114,-0.2394823830685396,-0.2231065908778879,-0.2688398771935671
2009-06-30 00:00:00+00:00,-0.0239924874667972,0.0065408308675185,-0.0612148964241042,-0.1463769754364061,-0.071210758911928,-0.1280356567383035,-0.0883998073853243,-0.2303219460129874,-0.1521867022894705,0.0170549583016377,-0.0048433405690693,-0.1582000627392652,-0.0123171272210823,-0.1925408569888583,-0.0794286572066919,0.040218460217104,0.0937226090370033,-0.0587471777553539,-0.2269403478562487,-0.1314042206105408,-0.2826746888795837,-0.0442192854847992,0.051116311629715
2009-09-30 00:00:00+00:00,-0.0227307683592276,0.1605555224733712,0.0491329535155984,0.2358438478085498,0.1000392811651162,-0.0082765525275047,0.097724197222963,0.3330683818332571,0.1550504191691126,0.118411837978456,0.0515072529024893,0.2749918275470693,0.1056641418172392,0.0460663337931015,0.1381968270292597,-0.1386355677704531,0.0428628844238807,0.0912124036641961,0.0879334348410703,0.3180595206229921,0.1533899647683945,0.0084498526755836,0.3239091411806789
2009-12-31 00:00:00+00:00,0.0530000622769712,0.1121274655241464,0.0355079583158823,0.0573161001372961,0.0272158137074214,0.2206953525553907,0.084178023929504,0.0728355056750662,0.0998999344241464,0.0046853187451945,0.0896810909655898,0.0362458816455322,0.0889408241192524,-0.0548695476830312,0.0149733791163773,0.150368516020946,0.0712138858324751,0.0426655812977043,0.0975485418834773,0.0933470715847883,0.1734017788902742,0.0831859472593894,-0.042525098425908
2010-03-31 00:00:00+00:00,0.0952385870476542,0.10239086084565,0.0908324212971352,0.0988461787407621,0.0748399393216587,0.0700578777924738,0.0606420855610796,0.3662226683585503,0.124857237557294,0.0863828526549448,-0.0835172655350898,0.0885159449425445,0.081425149681477,-0.0170789323270408,0.0910435464521408,0.0947602214788985,0.1474302513412411,0.0549869762580772,0.0877101640304627,0.1767043769422869,0.0093925089169559,0.1694377617285432,-0.0032834787648516
2010-06-30 00:00:00+00:00,-0.070307714849145,0.1012781528437281,0.1065461051476004,0.0415118300320362,0.0551624519365694,0.0153984000966478,0.05806309610766,0.3510513556924279,0.0138007290872121,0.1076041804973351,0.1984962962250569,0.022091233307272,-0.0225701824831566,0.0731295346163947,0.0628098381300201,0.1074338967441586,0.0705486805206943,0.0965650527588934,0.044092702199028,-0.0240627378325181,0.0235732376295048,0.0623289439338163,0.5969684041605523
2010-09-30 00:00:00+00:00,-0.110168095113426,-0.0700755262650868,-0.0726377543290808,-0.0754408068183682,-0.024737557511104,-0.0839943209361567,0.0083017699335721,-0.1322053908979591,0.0002642889391375,-0.0214225807092499,0.1149434255478036,-0.0462147863954396,-0.0876442522082697,-0.081528450444221,-0.007745504387618,-0.097241368787042,-0.0112946970945071,-0.0702736947613263,-0.0530580091430632,-0.0003133725587071,-0.0575757466479889,-0.0274901697091666,-0.164669156466396
2010-12-31 00:00:00+00:00,0.245348658524245,-0.0410415777675112,0.0435926609976824,-0.0225527166355812,0.0861271026750423,0.1891927727994515,0.0143339593901414,0.1121072149276418,0.0503842932590969,0.0930435741680195,0.009070810251972,0.0108659423259667,0.1906427235255954,0.0901626617741311,0.1032836240143451,0.1958236496656675,0.1939322079396117,0.0972828951677693,0.0183207433082337,0.0130862121430666,0.1427651881697333,0.0099455632388161,0.0030306376144606
2011-03-31 00:00:00+00:00,-0.0428635636135671,0.0317009018652572,0.0657971706263855,0.0492584829456761,-0.0735724683110101,0.1176637520942598,-0.0232821377840909,0.283720605280398,-0.0319602584848125,0.1514083126775944,-0.0137218570253823,0.0076583907542788,0.110803336756065,0.0180565064345434,0.1299234684819517,0.1403323368491751,0.0460128829205863,-0.0113132086867177,0.084905623428908,0.0947310641859102,0.2160946523653959,0.022043527031512,0.0123429749802663
2011-06-30 00:00:00+00:00,0.2052622286569183,0.0653882337973656,0.1574697718451863,0.0159659076573026,0.1608963878469884,0.0273779597705914,-0.0423753089049038,0.1925653551765331,0.032969111298404,0.1087297616026747,0.1678439206831039,0.0694780510311994,0.0381387015998857,0.08410996469315,0.0303226504588056,0.1391222200127135,0.0763605034154728,-0.0004711470303574,-0.0344258969413759,0.1124613070443902,-0.0513651523449741,-0.0280536080193933,0.1791928016239452
2011-09-30 00:00:00+00:00,-0.150633718855243,0.0968078184494174,0.0362619901420864,0.1066307196878753,-0.0288679802399206,0.1013967209341679,0.0521273131629449,0.0953821764904632,0.0343217146442842,0.0700206829506557,0.0638117269395852,0.0332965797816777,0.0202760981540686,0.0605319908074897,0.0472857755793196,0.3709838036073656,0.0357417482711017,0.0840538055841164,0.0438626407496434,0.067244952435113,0.0639024524622304,0.1354291762806478,0.0130611418358193
2011-12-31 00:00:00+00:00,-0.2118908593195139,-0.0644236587680332,0.0408259440870899,0.0046256281985663,-0.0467984113549527,0.0042818685949888,-0.0494623698397678,-0.1987052697576641,0.0247110127986813,-0.1139626365550118,0.0221203108922436,-0.0378489301096692,-0.0326596277517139,-0.1290034143805375,-0.0941285866543509,-0.0462752891589783,0.0168392504635102,-0.1341345739515894,-0.0142397895047649,-0.0647730285769528,-0.1957817508078402,-0.1806309474899544,-0.143974736318308
2012-03-31 00:00:00+00:00,0.202847096461453,0.1050412035875862,0.0671389335947592,0.038054728935376,0.0551116983946826,0.0393477642444708,0.027723251552655,0.3480263009294437,0.0702247651701404,0.104763074023815,0.0487826867262832,-0.0372491633065802,0.0799376050083553,0.1336053192474171,0.1337291821040964,0.1597290809409035,0.0900464988346771,0.1103258993869871,0.0721647977102311,0.0892511317852484,0.1818701827954907,0.1568138110822734,0.2201124512088172
2012-06-30 00:00:00+00:00,0.1254397328577279,0.0189334129999714,0.0967062858781961,0.0878208857824405,0.0356368536464377,0.0886690200269975,0.0257735290050891,0.1098460577617916,-0.0094540806752457,0.0199666984489843,0.0243453769948329,0.0737295994082354,0.0647694395594324,-0.0004370781901344,0.0941968580899497,0.3688649922495659,0.1059324110532431,0.0133622381437057,0.018996891461342,0.0599720054626959,0.1553302326940699,0.0294722093990968,-0.0408318912761563
2012-09-30 00:00:00+00:00,-0.0969816408143731,-0.0187686568204415,0.1349303014250027,0.0603323649281981,0.0521209480551261,0.0312756622667289,-0.0045080536455179,-0.123257167187966,-0.0085344868036945,0.0416575418500089,0.1715533936084026,-0.0719232400266557,0.0717412104555217,-0.060097479109288,0.1132616343973089,0.1811719302526837,0.135881913944859,0.0685257381812631,-0.0866251037133873,-0.0560596378257378,0.202922555592365,0.0036947918938112,-0.0433011046885211
2012-12-31 00:00:00+00:00,-0.0372350239519988,0.0868952756157053,-0.0227522512031724,0.0473164411605029,0.008458126774939,0.0677900970975786,0.0585995224566426,0.1546623983042649,0.0341390120349831,-0.0321163027120091,-0.0046298948642833,0.059215556132641,-0.0207580026525794,0.0478808485024508,0.0312693607105638,-0.2641080035798369,-0.0252869098769162,0.0059122447960864,0.1448346759920125,0.1483695690077231,0.1339814615863133,0.0658558989655959,-0.0973653074732291
2013-03-31 00:00:00+00:00,0.0396111474214246,0.0932314947398702,0.0066848111421569,-0.0100085180265897,0.0338649518798725,0.083871374582803,0.0503125544896001,-0.022043041727595,0.0423058916238878,0.0891249187727598,0.0473875234660856,0.1046119503226461,-0.0136011740630643,0.1156333209980251,0.0538194461627008,-0.0145376144175169,-0.019489026259591,-0.0110820864414652,0.0073410933363038,0.0352211227744441,0.1496786441195225,0.0285391639691785,0.2051509328454812
2013-06-30 00:00:00+00:00,0.182249741247541,0.1929224220965584,0.1873607256049161,0.1135675051551363,0.1994819504180158,0.0457602134983263,0.2736642300859302,0.0464842420671569,0.1875427332553751,0.2784165795469582,0.1769736852208869,0.1315831164255549,0.0835851514112246,0.2404973983120129,0.1146710795138972,-0.121150636689743,0.0678417992198727,0.1490797927752341,0.1288364945097586,0.1099619779357983,0.2593185341601625,0.1047023705256531,0.2364932237455033
2013-09-30 00:00:00+00:00,0.0253222612585815,-0.0073234777000636,-0.0416858621155926,-0.0096975195547664,-0.0422861421214421,0.0465761003658757,-0.0131145470110211,0.0541943691437467,0.0090917674182879,-0.0310919196923764,0.0390604239760674,0.0220865859435146,0.0071609068073337,0.0701119432497718,-0.0252086843163059,0.2761226378776276,0.0441927157724866,0.0444357328334794,0.0114956446558138,0.0571031356175686,0.1236786232403486,-0.0182662653483645,0.0589253011399817
2013-12-31 00:00:00+00:00,0.0783809354567997,-0.125063419608954,-0.0099819353525514,0.0429593413700044,-0.0117855779780012,0.044091977974227,-0.0813433593666973,0.0560780831642844,-0.0089203893457685,0.0838865450574555,0.0339311995901143,-0.0877515812639281,-0.0552149654331685,0.1770156846920343,-0.0757553655390897,-0.1351528911383183,-0.005455942584281,-0.0201200366891343,-0.0165280594684262,0.0179622713205038,0.0891815668723543,-0.0631612832170641,0.0959315852826203
2014-03-31 00:00:00+00:00,0.1720346323433434,0.1089049111911251,0.0849748770765079,0.0758299366885228,0.1187739101155922,0.0270348956288792,0.052440925509984,0.0483528477449881,0.0378134765598048,0.0564994223521602,0.0415038049159051,0.0428352249292784,0.0789152936016921,-0.0298834864804981,0.0645987597392638,0.2695816608226016,0.1056642106950023,0.0355831556375823,0.0657782264720168,-0.0268106643441995,0.1960615388755497,0.1454102586730998,0.1666304419987743
2014-06-30 00:00:00+00:00,0.0162161201283517,-0.0748653313350159,0.0517771405924811,0.0040285878068369,-0.0278815021221698,-0.0479382049673688,0.0428759174626085,-0.0711854113510981,0.0562296631547527,0.1003947139297678,0.0901792283922824,0.0376320456222312,-0.0478526704139894,0.1154510495868486,0.0479954904853945,0.0639413345493751,-0.0004044128859439,0.0166433565812951,0.0050631922632264,-0.0420180705713821,0.2326690889000484,0.0052897010812718,0.3124471640995045
2014-09-30 00:00:00+00:00,0.0382742629601622,-0.0157481058049727,0.0283141026795941,0.0720796163324863,0.0462842865466475,0.0351640387494818,0.0409005352984521,0.0903450502521421,0.0297726784930889,0.0101982792359933,-0.0645015252994323,0.058901998424274,0.1092957011444211,0.1395152496428455,0.0056374874961426,-0.012807959611136,0.1315006070119071,0.0834545072714338,-0.00531008451924,0.1059359554733798,0.0355007661036403,0.0452240805679682,-0.1268472238260933
2014-12-31 00:00:00+00:00,0.1291882648698137,0.1082832032530405,-0.0025913583177827,-0.0475016197986074,0.0544810987178048,0.084010916481608,-0.0771359994437461,0.0028663436016163,-0.0478911022984921,0.0423452501496757,-0.0209270116923716,-0.0721426560045361,0.0180039196331691,0.0452347197704177,-0.0795457510835502,0.2907043346008473,0.1073195240774731,0.0469076870466653,0.0570655383185001,-0.0777596738472431,-0.0353021107977881,0.0033601812450885,0.0581133602829706
2015-03-31 00:00:00+00:00,0.0369297915692845,0.0907749664002832,0.1400337307018209,0.0699341148223418,0.0962556456908585,0.1380072787314608,0.0499016024739948,0.0214161283689682,0.0713787200724302,0.0149602781248885,0.1056457785713147,0.0878197299537861,-0.0072233504227467,0.2351223372433524,0.1392922123154081,0.1947420888748205,0.0810330691980723,0.0260144783493221,0.0961470339641958,0.0327706408446442,0.143560828691762,0.0853218633771337,0.0014182967114926
2015-06-30 00:00:00+00:00,-0.0827616336590398,0.0360997053006231,0.0841464574291894,0.00597595625017,0.0656162170408454,0.0987227127486662,0.0658091026024074,0.1033839606184454,0.0717253568386959,0.1116539434074979,-0.0223135887311182,0.0183960065970101,-0.0266360557476472,0.2115319056105391,0.0368869430611837,0.2634060457097087,0.0374905044972901,0.0136296902088881,-0.0833095506749479,0.155820724669023,0.1920001313753085,-0.0507754420824031,-0.0364771873189236
2015-09-30 00:00:00+00:00,0.0309447552103725,0.21813742507348,-0.0272118332339474,-0.0370632039716746,-0.021298023132412,-0.089035132786047,0.0342507356058279,0.0571004288678032,0.0187938379618755,0.0022467207282474,-0.1072774117225726,-0.0404648372919543,-0.0209963515133547,-0.0436320530683452,0.0431302807537476,-0.0157335537343458,-0.01343409556588,0.0013347681086199,-0.0237942744875531,-0.0490694894790576,0.0007805844329926,-0.0333079405848413,0.121374301036951
2015-12-31 00:00:00+00:00,-0.142528745257547,-0.0774369253275674,0.016622899126778,-0.0314519646837836,0.0873111579151768,0.0620373252906591,0.0524715472967627,-0.0738160250213914,-0.0117567281684314,0.1141509923727379,0.0343870461715294,0.0591235341275266,0.0163242799961049,0.0045964487762168,-0.0061930638679567,-0.0022305341965609,0.116115393754673,0.0006131791066821,-0.0900759727432157,0.0467294193494487,0.1036168782492472,0.0811290424352413,0.01893391275653
2016-03-31 00:00:00+00:00,-0.1290944558169403,0.0217030984262645,0.0005772074206107,0.0213241410288922,0.092629732377083,0.1064775380864626,0.0391026331393047,0.0811219745164018,0.0344262738112801,0.2422622896505335,-0.0374724984599137,0.0889390839804225,0.0734968730553411,0.1253139494443691,0.0817720252651772,0.0755588908099764,0.0689798808416708,0.0597964391356391,0.0990182941071178,0.0835114410632522,0.1042932156602856,0.0517998167076663,0.2163918646040112
2016-06-30 00:00:00+00:00,0.0268629733522733,0.1086054969841281,0.1265443805011719,0.1070295337433453,0.0229357723615615,-0.0053966613874467,0.2689735732428324,0.1003653580454404,0.1393622466622688,0.1268968706308435,0.0719240206674405,0.0945844554832562,0.1130946633636098,-0.0663298020830317,0.1928096124500236,-0.0661632450413561,0.108740946804928,0.0582315221348697,0.0751311312270612,0.0885840681689973,0.0875170630892097,0.17607900345407,0.2885943093854446
2016-09-30 00:00:00+00:00,0.1777469198854597,0.0634346338876035,0.0959110733726089,0.0301855978769371,0.0833772569667599,-0.0106055109827383,0.0187321670836615,-0.0369026908558116,0.1154505449270433,-0.1707448657196287,0.2023654567815336,0.0550374587085666,-0.0291264352731359,-0.0433401583314335,0.0576847223498124,0.1850286081067198,0.1039451992830664,0.0254588289439183,0.0232791428043599,0.1501503549118961,0.0742866991998454,0.08431691399933,-0.0281630747204377
2016-12-31 00:00:00+00:00,0.0137065252653565,-0.0124797860397682,-0.077995690713595,0.0144908924298396,-0.0882172672130269,-0.0300690533635902,-0.1697954540865333,-0.0376650907632833,-0.106124632224488,0.0526868155675608,-0.1430947315346359,-0.0473483367168408,-0.0608734986035284,-0.1959363544658193,-0.080737495986506,-0.0872723549715953,-0.0807231788002453,0.0320521753697633,0.0539606806992585,-0.1027888728113181,0.0141003355052662,-0.0356790019769943,0.1397827741689556
2017-03-31 00:00:00+00:00,0.0844863967610523,0.0805556014278781,-0.0527386549933711,-0.1048840167476758,-0.02001368020802,0.0610001248189091,0.118086233991892,-0.1181360016624628,-0.0205647815229712,-0.0687436276128028,0.0960662538561611,-0.0434952890812553,0.0029353625764909,0.1559351054472622,-0.0251820342681969,-0.0628986279020771,0.085828933972853,-0.0261046432967226,-0.0429723322967874,-0.0419534782052756,-0.0626688781092742,0.1315758537504705,-0.1634849371262957
2017-06-30 00:00:00+00:00,-0.0012564930636769,0.0200405810612429,0.1295679561662313,0.1259397887543372,0.1190905805664239,0.0464470067629492,-0.0563992888590921,0.0841751828068244,-0.0496861631134831,-0.017339156407669,0.0541194770548529,-0.0067641738684375,0.0235487022048561,-0.1249776273569982,0.0487231529109732,0.0048308608164926,0.0675154660725063,0.0762381868754003,0.0735240734428586,0.0218478283400147,0.0474503954923526,-0.0545089459549645,-0.0060196486374471
2017-09-30 00:00:00+00:00,-0.0878330378672394,-0.1157013469524019,0.0466186743732861,0.0132185659485297,0.0003291355571992,-0.0058868146817012,-0.0768881068940081,0.1516086388696491,-0.0497271279656752,-0.0054954396683624,-0.0155376665319481,-0.0430300358733156,0.0640967693873975,-0.1957671048085564,-0.0040088667283751,0.0865385280686619,0.0491188017606594,0.039092572691912,-0.0141407819664234,-0.0932225706742755,0.1894722509775861,-0.0159559954031709,0.0135895799711667
2017-12-31 00:00:00+00:00,0.0358806875659349,-0.054894559350767,-0.0750792080546591,-0.0078948742999909,-0.0259390489038673,0.0478553278026925,-0.0959175183932015,0.1329538920979389,-0.0526032116310477,-0.0604034252360402,0.0268812911191718,-0.080351496086903,0.0088580803482425,-0.1479226715380964,0.0303908254380722,0.1090104190642791,-0.1470386042112581,-0.0481322080656877,0.0541364538315323,-0.1079559847520927,0.0425406327946928,0.0750848963963726,0.1385080295018335
2018-03-31 00:00:00+00:00,-0.0517355876865214,0.1325355881352834,0.0356162879318853,0.0356844186856606,0.1271513634592365,0.1385788812637549,0.0191082724637969,0.1827918255111347,0.1503698448071957,0.1454571349598368,0.036218096683525,0.0925374204955935,0.0248514228239686,0.4258862709711881,0.0247248668130495,0.1372869020423919,0.1347766166555206,0.0894340676523077,-0.0048018789987457,0.190418294497086,0.1392371458432908,0.1276460894489182,0.1398217370935754
2018-06-30 00:00:00+00:00,0.0626175240887028,-0.0381224637458226,-0.0056584935671363,-0.0615656344529937,-0.1072312221732817,-0.0269806086168931,-0.1018618465193373,0.1604568018212944,-0.2470818557557468,-0.0740136554652162,-0.1285817390133328,-0.0637993364440644,-0.0547503036359013,-0.1737119906444497,0.0256839637540389,-0.1130601220873469,-0.1354626408816086,-0.0865567021214801,-0.1396575867080997,-0.0255845186325389,0.0095136533100459,-0.0296102416794286,-0.1451586484594547
2018-09-30 00:00:00+00:00,0.0781590280209987,-0.0183728331650743,0.0869463599227484,-0.0740058473806191,0.0462813603350611,0.1414312824285832,-0.0386123217986,-0.0309326321715497,-0.004009142050546,0.0984499062692232,-0.0427490375631672,0.1119215460769051,0.0344421599730877,0.2183976682159698,0.119657829397382,0.0352391754190835,-0.065288925286097,0.032576888116609,0.0187725239428788,-0.115923436903134,-0.0505178159682159,0.1713857943347028,-0.0282088619938959
2018-12-31 00:00:00+00:00,0.1153751270725758,-0.0396186260080092,0.1292629924007027,0.0452469459319111,0.1347398741741567,0.1309794828293902,-0.0905318982943766,0.0240696965369009,-0.0069219431688778,0.0794670764456486,0.1100260009335614,0.0119203852079401,0.0656737762553802,0.0235753740151634,0.1515078986566607,-0.0038207921796985,0.0936217828754817,0.0191339168060313,0.0806262182779307,-0.0177847101808273,-0.0085739188854681,0.0802766865126121,-0.1097368414986044
2019-03-31 00:00:00+00:00,-0.1767578658177184,-0.3585417643440489,0.085558784938257,-0.1107175420479955,0.0111348313433894,-0.1253071362031041,-0.1039586226581525,-0.0921529810328813,-0.0893143348203761,0.0564841810560994,0.0443459584098382,-0.1823445305990112,0.0231688879365332,-0.0461793574438268,0.0307497382066721,-0.1499303033003515,-0.169121759745858,-0.0050786758743612,0.1005926607675038,-0.077303517137542,-0.228177718412048,-0.1461156225939784,-0.0874533144627508
2019-06-30 00:00:00+00:00,0.0509548865099185,0.3084491950443504,0.1209690081853254,0.1605250643059954,0.0555950296779741,0.1957881172745366,0.1855963171821997,0.2522671064497856,0.3428411806604434,0.0644477921000032,0.0867552572135428,-0.0011047820268509,0.0042162527042179,-0.0989407319990178,0.1086122076994267,0.0926989461311684,0.1874434003142657,0.1254510401122428,0.1443880431377693,0.242928842920981,0.0871935441352471,0.0830359501483739,0.3144623669958504
2019-09-30 00:00:00+00:00,-0.0215746457835013,-0.0196824861699375,0.0251157733478608,0.0619587422493332,-0.0301796753974572,0.0821972178765624,0.0694526987875276,0.1088724115265651,0.0559759176225516,-0.0608097040445818,0.185800274032202,-0.0367706243659046,0.1130735422315056,-0.1127548498202962,0.039481774225164,0.2156531179995864,-0.1609016244919995,0.0888155034666933,0.0736202018652767,0.0134965710964425,0.1081842620538344,0.0646474625308777,0.1672877998754007
2019-12-31 00:00:00+00:00,-0.0166626821584346,0.1039746158670336,0.0303240274986471,0.0009208133485629,-0.0035604715103745,0.0797122728035897,0.1769488452539251,0.0847263434375906,0.0292063616666788,0.0717027909150767,0.1593885488871211,0.192890196780908,0.0668519775331657,0.1930033323597935,0.0760321027273529,-0.128917691939003,-0.1203053466513008,0.0489065628526137,0.1281750492650557,-0.0661349166662171,0.0720691016557706,0.1289717555591381,0.0334283738391407
2020-03-31 00:00:00+00:00,0.1526824951402703,0.1495847436159809,-0.0700860835211545,-0.0443104792315661,0.0159340851720135,0.0288564374416282,0.0434772006665016,0.0482528464184108,-0.0327995418370827,0.0210663535346808,-0.0657230644878623,0.0813435826307031,0.0137376372877469,0.1266301136658536,0.0105495689924028,0.1290323082286308,0.2163702456227068,-0.0043580754727443,0.0028125277173611,-0.0459719463282607,-0.0973027573567187,0.0777719270606702,0.0848928712263021
2020-06-30 00:00:00+00:00,-0.2596734988493248,-0.1093618072249037,-0.0860635550080418,-0.0318882811445577,0.1521210821485743,-0.0140839029504806,-0.0448719470115492,-0.2544849001506075,0.028503423068418,0.051546152320905,-0.0810142398122354,-0.0882416166698504,-0.2273251603253221,0.0701693310382103,-0.1725660496277195,-0.1664050574860498,-0.2153409163711979,-0.124447462124849,-0.1088280820249476,0.0817328053161259,-0.2703433579769931,-0.5054336498529058,-0.3812504960730422
2020-09-30 00:00:00+00:00,0.1753861706880013,0.2060105277553732,0.2250060737337091,0.1208820554282577,0.2640912215061988,0.065089227162574,0.080513988211148,0.2343849415752978,0.1475761086314382,0.0285762165881033,-0.0058403195923448,0.0887131260022444,0.0737697507159922,0.1058445420901088,0.3003138525012598,0.3000000143679751,0.0661326100408303,0.1292533710435506,0.1047303172892446,-0.0327619322032055,0.3643111254966771,0.3072374035923493,0.0655083630158184
2020-12-31 00:00:00+00:00,0.1921088601289458,0.011359360436818,0.1981544198183022,0.0614116453628592,-0.0313800291295125,0.1787726492867027,-0.0090608157025009,0.1620873622527818,0.0435369159851972,0.0439598154592471,0.112184407074229,-0.0155550617098918,0.1061605980471533,0.0187028267189788,0.0800535126266392,0.1803564363001359,0.0118073653600607,0.0714146011235397,0.1678503222051772,0.1111509514357187,-0.0024896700905631,0.1746032058209958,0.0177865871517235
2021-03-31 00:00:00+00:00,0.0779080252153769,0.0111784111652315,-0.0672593120823595,0.1003791122263149,-0.0480737139425028,0.0903789275545072,0.0074645130585018,0.1640263658018963,-0.0486993618954233,-0.0559092259684403,0.0540522402980836,-0.0368627318877242,0.0812053478241408,-0.0502281893375992,-0.0203735466072361,0.1119292432676541,0.0708133015460386,0.0319447546433255,-0.0047026289763685,0.0043556394122992,0.178931686736498,0.1547431175105758,0.079664151572838
2021-06-30 00:00:00+00:00,0.1640863670172345,0.0441488960873674,0.0022572347148466,-0.0633420098333666,-0.0329018614201901,-0.0644722699900426,0.0376860685344775,0.1485050858345404,0.0410255495094813,0.0333935281044039,0.0577081109890269,0.0410390205802633,0.0035455120669583,0.1249166516353146,-0.0505371410388106,0.0083885446912843,0.2704064054774839,-0.0129058757378689,-0.0198087068113791,0.1003970274601093,0.0629235138017207,0.0911209483943216,0.1867864218230488
2021-09-30 00:00:00+00:00,0.0588712989112374,-0.0273629530930878,-0.0159889223231558,0.0464702835896113,-0.0670475083800459,0.1139209621061154,-0.0782422729272962,0.0865475741142052,-0.0032096824616283,0.00458178738198,0.0992346374417958,0.0189636588593573,0.0353569027719686,0.0658776087319032,-0.0104779540925704,-0.0022985889127594,-0.0456632033603199,0.0566444280644071,0.0135931288050261,0.0370226929824277,0.0137014434024029,-0.0090114589816171,-0.0082062853498592
2021-12-31 00:00:00+00:00,0.0074291533993091,-0.0550573314850234,-0.0284157524177833,-0.0703790319155729,-0.0743381718605635,0.1384948014320126,-0.0842058276370181,-0.0186581385678993,0.0152160629557576,-0.1359912731152049,-0.0118509899958845,0.0076905086947496,-0.0100046487554169,0.0315257254051193,-0.0789318241187048,-0.0139331239846481,-0.0236410257104326,0.0255375138708071,0.0385821164258293,-0.072668839423556,-0.0767397352354209,0.0582152065519194,0.0666075645276107
2022-03-31 00:00:00+00:00,0.1228168602160642,0.0204259292379846,0.2402213691697368,0.1259873774978033,0.0709602781824787,0.2660913488187835,0.0624511912002203,0.1940119439488394,0.1187179033678154,0.2084206454598183,0.1370522623154553,0.0219625764801676,0.1271191747037736,0.1603380033854051,0.1968844338887312,0.0740988414066301,0.0660947947721983,0.153685745609476,0.1743075527356639,0.1518208810561709,0.1883720749777435,-0.0231376621607127,0.1275192336722486
2022-06-30 00:00:00+00:00,0.3500407849322675,0.0095206608090068,-0.0007567565389947,-0.0916760091117631,-0.1781140500805786,0.0171734491428201,0.0386600261703968,-0.2574120343807997,0.0313190146909336,0.0725977000673947,0.1373481562108225,0.0234157510648862,0.0683181029129846,0.2777621928687663,0.0636612166263099,-0.1490573778038361,0.1177133195718236,-0.0121599833111167,-0.042803085008224,0.0125308993065429,-0.0726211076954991,0.0559586488072054,0.0420357350441737
2022-09-30 00:00:00+00:00,-0.1580322562255263,0.0230722179447038,-0.0676360972092464,0.0789157538569726,0.0152243863904102,-0.1546633858845456,0.0853071433501226,-0.0628557179461075,0.1089093602577377,-0.0851640114338256,0.0145947603968608,0.1032062727144869,0.0314162710697234,-0.1592416451350204,-0.1859491077236124,0.1514302444424529,-0.1828498596487963,0.004760599485758,-0.0526164082447866,-0.03937556596551,0.0106589711461309,0.0534973911346241,-0.0588429607985392
2022-12-31 00:00:00+00:00,0.0917079593784875,-0.0386346412091959,-0.2241955338048891,-0.1271966761726817,-0.0908636475492148,-0.0148332692142656,-0.0082746828872892,-0.1439377938529694,0.04288129199754,-0.02661804690658,0.0206966392997394,-0.0018461246481854,-0.1136529083229958,-0.086157459862753,-0.1201704532263531,-0.0583570869730039,0.0010710168494605,-0.0178844718124639,-0.1147472966529957,0.0719553569342401,-0.0004608700556781,-0.1648517578552267,-0.2126410965448748
2023-03-31 00:00:00+00:00,0.0843305962024902,0.1906970503495235,0.129090291109889,0.1201206191805634,0.1055786010486175,-0.0494667245725357,0.1868402974791019,0.1624609954613687,0.0678196358519931,-0.004108954460491,0.0152674523638636,0.011053389922905,0.1190901003924962,0.0220993268503937,0.1641142607093302,0.1375322784548278,0.1230459949357252,0.0924607661778538,0.1878119058091072,0.1470340168405739,-0.0262512795375985,0.0609849900595755,-0.0398267276900321
2023-06-30 00:00:00+00:00,-0.0980457923521881,-0.027082053513645,0.0870751991983176,-0.0416534562797887,0.1110326966913446,0.0984275169617785,-0.0121796719373973,-0.0253914327293572,0.0389709161620068,-0.1112500892581915,0.1381784466407631,-0.0500676392461627,-0.0011337583600533,0.1295464711241936,0.0101832118673801,0.057639202377371,0.0091469116570985,0.0240968493762927,-0.0074015322016242,-0.0016516057859958,-0.0061509872881064,0.0351712707926856,-0.0583989280245023
2023-09-30 00:00:00+00:00,-0.0402054887973707,-0.0814615929574577,0.1306921457056562,0.0301615302206743,0.0302609278158669,0.0908164362667827,-0.1509498484355115,-0.1949658189884541,-0.0968186962921222,0.0118786666664025,-0.0173094584756161,0.0306134209015955,-0.0217727315961437,-0.0450090988594982,0.0504615114200994,0.06289658112575,0.0423091101140917,0.0240908546495211,0.0263847909164265,-0.0398071224787324,0.1021090379664506,-0.0304805794825026,-0.1198590721602258
2023-12-31 00:00:00+00:00,-0.0278223244679741,-0.2057431856156841,-0.0827203972797232,-0.0769087267330301,-0.1811010119014223,0.0579430080901515,-0.1439098711385251,-0.2727439576852772,-0.1822246432034898,-0.0693881199516618,-0.2051139620796749,-0.1763461774297617,-0.0769204646703362,-0.0663523728599471,-0.1486723896256911,-0.0774363439566789,-0.0742384481724136,-0.0821115458500998,-0.0419358152350934,-0.1863626105103902,0.008038421556366,-0.1285297193449511,-0.0411390818891135
