Date,ALK,AME,AOS,BA,CAT,CHRW,CMI,CPRT,CSX,DE,DOV,EFX,EMR,ETN,EXPD,FAST,FDX,GD,GWW,HON,IEX,ITW,JBHT,LHX,LMT,MMM,NOC,NSC,ODFL,PCAR,PH,PNR,RHI,ROK,ROL,ROP,RSG,RTX,SNA,SWK,TDY,TT,UNP,UPS,URI,WAB,WM
2000-03-31 00:00:00+00:00,-0.0556492443314126,-0.038123614786555,0.0087207225046153,-0.0316259518417083,0.0359521985506117,0.10462870280986,0.1958928262045545,0.4054054054054055,-0.1361257572339735,0.0201521767742005,-0.0209200338876744,-0.0843993489199453,0.0068322274514833,-0.0685151984510634,-0.0043227564016035,0.0881410136414291,0.0288284435345929,-0.0332512243408875,-0.0316208963409737,-0.0668731543581722,0.0952382936637092,-0.028640580323664,0.0386476460818339,0.2063956167073284,0.0030957878634987,-0.0006628161760624,-0.0451465367130738,-0.0612245648671516,-0.1176474594592219,0.085538223127358,0.0303434903370749,-0.0285231168895527,0.0347221184598673,-0.0125007100655861,-0.0279998648469804,-0.0339554296483671,0.1243777037985731,0.0764256630863438,-0.1152263495982753,-0.0744466624530011,-0.0259740259740259,0.1187333130713756,-0.0736813724057056,0.0180262577860408,-0.1129567968689805,-0.0484435032674686,0.077519568864961
2000-06-30 00:00:00+00:00,-0.1714287030181888,0.0400837837568746,-0.1478539960224525,-0.0714801253453445,-0.1333952003549723,-0.1039873863653361,-0.2058005132475606,-0.0641021728515625,-0.2464900704534375,-0.0878522848816789,0.0959087011379322,0.1670016051975316,-0.0723243546171493,0.096176565938798,-0.1461649704770984,0.0668155210434811,-0.0873362643236864,0.0414877287224939,0.2095220475350503,-0.0368831381969053,-0.1013792889993844,-0.070450176947778,0.0833602632820365,0.2355451662259455,0.0155754927147087,-0.0201832877060196,0.0004851704788222,-0.2770821724415878,0.0611102991030867,0.1545248249242192,-0.1398560688862167,0.0970324499846462,0.6890373027842642,-0.1558740169485154,-0.0422158350806538,-0.0807011527955271,-0.1548671410109154,-0.0062093722394791,-0.0279903924634629,-0.0671886785215032,0.6866666666666668,-0.1615479216859394,-0.0949822629037938,-0.1118835960181751,-0.0187265685855131,-0.3449352776181612,-0.1834532367143404
2000-09-30 00:00:00+00:00,-0.0668101400712442,0.0189393876493881,0.1706108499714369,0.1251200205764266,-0.1333000465796915,0.3577785835430591,-0.2328788797218212,-0.1506857046108697,-0.016670793195421,-0.004046442466307,-0.1192158848163951,0.0375720108567538,0.1548209257762158,-0.0972008160978591,0.3039875939296799,0.1728909588824614,0.015948849093978,0.035897514832015,-0.4187760137887072,-0.365691632090723,0.2029681110120296,-0.0084667988471029,-0.0129309521442114,0.0486566712599894,0.1950653080997701,-0.0791036423702473,0.2580305836917727,0.0996132767565067,-0.1623035844499601,-0.1559721929465981,-0.1432861324604536,-0.0752583283483558,0.2768217894813183,-0.2282846077984507,0.012203163627479,-0.2012618877757475,0.3507860454240612,-0.0810613347898876,0.1084771632156191,-0.0724062763050106,0.1818181818181818,-0.0515697432870616,-0.0081736359908852,0.0039148122036034,0.1374046210224528,-0.0992533505930203,0.3259910741239959
2000-12-31 00:00:00+00:00,-0.1362588956323396,0.0403787873776781,-0.4105428623418712,0.405852620033243,-0.0394678438612702,0.1306713981351879,0.1063658470436479,-0.0927407505851256,-0.0650959194367866,-0.1548809749006879,0.1111287431877061,-0.0032686505860867,0.1107326408605144,-0.1017844297929267,-0.079427198723713,0.0672163135620165,0.0913656401911335,0.2025346907461807,-0.1653149758610753,0.0528681840971914,-0.1278697512739548,-0.0541650715623427,-0.1441047836299851,-0.1478421919504678,0.325599900925648,0.0973140060087522,0.3884519148313916,-0.1267158980269835,-0.0124978623174145,-0.0816608811874278,-0.0764283820736825,-0.250426578203114,0.1804979515621261,-0.0506308072171256,0.0077033122656611,0.2459317389474808,-0.1744186378209621,0.2077574788754315,-0.1827601971756116,-0.0764770028570552,0.354515050167224,-0.1939823360063816,0.0068473769501702,-0.0433500491386596,0.2718118116568437,-0.0979360885413641,-0.042655809275763
2001-03-31 00:00:00+00:00,0.2647060451488592,0.1928968173525238,0.3630648684069695,0.0632455151192192,0.3674340138458081,0.1173698746834972,0.226377598717703,0.3644430627904762,0.2601366178928619,0.3934928125949819,-0.1703199294961487,0.0520266722965714,0.1418249884276179,0.4923400013037635,0.1244853696068979,-0.0795580334698791,-0.1208280963145315,0.2012076531254918,0.3615542269473284,0.2336588173771125,0.1281863210772889,0.0751353605763112,0.2653055643675777,0.0060014658578186,0.06577284229481,0.3079490773549478,-0.0770619888883479,0.0284512046423914,0.0253141280073447,0.3504792965782686,0.3471409256345885,-0.1557704963701371,-0.326889098491425,0.5482073383855284,0.3099970494532806,0.0371537457590047,0.2441312737928735,0.1062617562746244,0.1987956802195907,0.3872581562844863,-0.2197530864197531,0.2160341111761827,0.3270552490422913,-0.0027015458110541,-0.4432716484533462,0.2341184750410749,0.5000006064291
2001-06-30 00:00:00+00:00,-0.1458774711148869,0.0948835905859031,0.1325820289777843,-0.1099135887258803,-0.0331269847498761,-0.1136014862580929,-0.0062493691434039,0.0413031147618225,0.3311121698115897,-0.1918627787817467,-0.0740382941387393,0.1099912695024327,-0.1883582356386064,0.0119310282853255,0.0113345391464472,0.056850126560664,0.0712033439506372,-0.1370474775149512,-0.0795662831143255,-0.081575664345502,-0.1069090591293976,-0.037734458217569,-0.0322579462688054,-0.2032762174088543,0.0573569863277327,-0.1392498770524217,0.0410687774639826,0.2299054441775112,-0.0123455748364189,-0.1108615091187087,-0.0829451380766593,0.1244561626935558,-0.0813578064654705,-0.1740154031647436,0.0336878927788584,0.0646910981424717,0.1018859772982043,-0.0217405870842748,0.065122244129149,0.0672164950306812,-0.3286075833477552,-0.0219427602380799,0.1348577836378861,-0.0109108140849646,0.1965875409278068,0.1252789480687728,-0.1111116363372418
2001-09-30 00:00:00+00:00,0.1405942124368893,0.1242456293381912,-0.0377369928755105,0.0270567942671966,0.177480100214852,0.0703903214843892,0.0860609815263653,0.4389393537581929,0.0513323188736349,0.0580684133624427,0.0884208602247202,0.1974359517522923,0.0045573747879354,0.0766818777846847,0.2081812273819765,0.1471215702426165,-0.0107520273583022,0.1887004686702658,0.2646114208019658,-0.1573614505220619,0.1874715308808756,0.1528901191636473,0.267333660667177,0.2107170694794715,0.0112520668858473,0.1549106940453342,-0.0711664361896966,0.2112538819352478,0.0730002670965235,0.1996464675518923,0.0675403877995854,0.3539698574854224,0.1073212966024139,0.0195696100536404,0.020365608932348,0.1634905022285142,0.0849321866052201,-0.0288554053431726,-0.1502092248400125,0.2922458509281826,0.1161387583160615,0.0771693314070038,-0.0359128560320352,0.0488860276017746,0.61470209985816,0.1471281407912552,0.2650002365073931
2001-12-31 00:00:00+00:00,-0.3125001104696344,-0.1338526140213316,-0.1690348802768231,-0.4233704052271638,-0.1480113199285083,-0.0228610567934848,-0.1942069311203798,-0.0243480451904176,-0.1529407189547174,-0.0151224675462939,-0.253699512260971,-0.0041513650751301,-0.2400795187397492,-0.175343968459706,-0.2566898877569631,-0.1152014855881612,-0.1195655121166826,0.1416222319641282,-0.0656745761160189,-0.2268131788097009,-0.1792714410822211,-0.170906831279072,-0.3114151645315048,0.1561375845981114,0.2063614166542744,-0.1693472291026012,0.2776048747853485,-0.2377267830124663,0.1621629136043809,-0.0689106282213571,-0.1999930117894468,-0.1261964867468036,-0.1786448496149966,-0.0791420620228172,-0.2514566786077663,-0.1381105714561522,-0.1878791539498192,-0.3331753589335724,-0.1023576419208178,-0.154224839965807,0.0675675666967912,-0.2249743438676792,-0.1705160234213092,-0.1255569348249208,-0.3288853872903032,-0.2097436513455836,-0.1271324492043259
2002-03-31 00:00:00+00:00,0.4631312021679796,0.2233806117386305,0.2912089108941702,0.1819038678990878,0.1832241142737283,0.0465571905934683,0.2240332625127676,0.2613192976959024,0.1937882048700814,0.1763336531854411,0.2927639356789173,0.1160460173506952,0.2350878437949064,0.2631678127536974,0.2685620244941757,0.1818509895581435,0.428170789208032,-0.0759933725965615,0.2401442305427517,0.2875343579894744,0.268644018003507,0.2643245352107048,0.7211613038693039,-0.0448069576010305,0.0628704941257758,0.2156226091225823,-0.0248061507322464,0.2116442311990942,0.0745788202417876,0.35093109317693,0.3656807091787319,0.2273671866603965,0.3249998069805166,0.3540180048306682,0.3206920154034125,0.4089924103235278,0.243160159852444,0.3670939160939215,0.5571086741177138,0.3127887351836145,0.0436708589907433,0.2888078028148413,0.2497805528031049,0.0792028083920051,0.3461990465473257,0.0742393914987651,0.1766708324506312
2002-06-30 00:00:00+00:00,0.125302347491192,0.2022811483274671,0.3841615790001809,0.2629923904420379,0.1101237107165542,0.1652399703899632,0.2143526255984023,-0.2440646118790326,0.058363025674454,0.051109759925807,0.1095542519038486,0.191754772527706,0.0140322773131034,0.0902366861190886,0.0637175484909748,0.1365194674718715,0.1280944598955704,0.2039635132691721,0.1625170599229464,0.1594050732548297,0.1207601434242786,0.0654059615148501,0.2445626292723175,0.1810093476947312,0.2803735233873003,-0.0106677306553519,0.1831051281621247,0.2623263388119277,0.0664177622433173,0.1430484253533275,0.0731952804970472,0.2211750886245882,0.0943399316718147,0.1296795435443032,0.0606636236151227,-0.0483110749878145,-0.0445223961749848,0.1589539511614714,0.0042519915156067,-0.0096796855883277,-0.0115221671737314,0.1674061233228874,0.0771805866105483,0.1155570472891174,0.1768027458160876,0.2051576832120132,-0.1241580018649255
2002-09-30 00:00:00+00:00,-0.2453987271035901,-0.0436728247744511,0.164464506832114,-0.0657899555467046,-0.1513879665184055,-0.0227319151471708,-0.3041694474325445,-0.1054402760788206,-0.0379611801404181,0.0643829195916454,-0.1787708138992974,-0.0881348584241241,-0.0682070341799593,-0.1098690130667147,0.1005729921638209,0.0298170815323761,-0.0866093205574912,0.0953527290094089,-0.1012293358787237,-0.1045135294804292,-0.1322953049451528,-0.0592100321552608,0.0467187693792616,-0.0283706678979335,0.1621366699018778,0.1107505198225697,0.0211074166444347,-0.0031950034367369,0.0216941678944466,-0.1303453575881612,-0.0671523932194703,0.0730650572944278,-0.2037929528554263,-0.0022014456546424,-0.0762741973715399,-0.2178381900299804,0.0089000779461683,-0.104307016707721,-0.1161745292670906,-0.1016348557026578,0.1773007013660594,-0.0878493358909627,0.0666139507123735,0.0145397289709843,-0.3373938320846092,-0.1020651251619829,-0.0553113561222196
2002-12-31 00:00:00+00:00,-0.2577237989548561,-0.1749820291254874,-0.0300034097795903,-0.1891227435262241,-0.1878025718066994,-0.1396396240161329,-0.2364644515194189,-0.3134796275731344,-0.2391044437102503,-0.0135121800624846,-0.211986165424766,-0.1315003717077315,-0.1194880844352621,-0.0732015337644296,-0.1412257732169161,-0.1789148267156463,0.0016270797785666,-0.1963634343026118,-0.121894451626067,-0.3276513601841991,-0.1119079070503566,-0.0922259024321624,-0.2037477029669012,-0.0061307437832159,-0.053024245821765,-0.0828720350077499,0.0424803594024525,-0.0622274918325149,0.296575846109496,-0.1519665737595313,-0.1194832409859686,-0.1827109845756297,-0.3222173796057189,-0.1364942694638793,0.0341912405701887,-0.0332560626831245,0.031655749358556,-0.1059674530532095,-0.184091957103501,-0.1595087987023751,-0.0672225575626171,-0.1954128879746783,-0.0638577060460203,0.0515287310668142,-0.5465181540109965,0.0482424670786079,-0.0550430595175964
2003-03-31 00:00:00+00:00,0.2092007318787754,0.3105185598066518,-0.0230532933336248,-0.0538080843411981,0.2460596464744164,0.1367229960185061,0.193640309472173,0.1178082177464074,0.0812454006682288,0.0093459325648805,0.1632621971861501,0.0467364308073765,0.1412078671511634,0.2230510081817025,0.176490521185628,0.2261227067234978,0.0607039102234689,-0.0328938853458958,0.2279360119585052,0.0977550170736558,0.1648115799580891,0.114197990854109,0.2618747067962688,-0.2240082980308603,-0.0898757945379333,0.0953458791576378,-0.1839860765482029,-0.053856769051619,0.5282609248960013,0.3519043801069972,0.1887735880769117,-0.0827482313755818,0.0715651067037397,0.2680962936298594,0.3559508804727707,0.0697673906536189,0.055834565287713,0.0778979467782372,0.2280933884737226,0.0764335016319628,-0.1184357503205997,0.2564765802741542,0.0189870321868954,-0.000262338575155,0.5049139800683584,0.0172716564570143,-0.0299673794124188
2003-06-30 00:00:00+00:00,-0.2853260501507142,-0.1344979327578935,-0.0505186621181754,-0.2381799988245367,0.0475618570494553,0.0341143471935652,-0.1491191507313898,-0.3782679513220933,-0.0215068022117123,-0.1636859112352509,-0.1940476740568559,-0.1465925985923665,-0.113009219616905,-0.1037300899673419,0.0592967331548157,-0.2692260724173433,-0.004611782298808,-0.3125785554213754,-0.1849541942086706,-0.1133116641666226,-0.1312879680044446,-0.1312969872595663,-0.0783319249834104,0.0512817989661484,-0.1883688058464386,0.0376772251569499,-0.12165692431653,-0.0830410632109581,0.1337716391297339,0.0589026835716133,-0.1741663918685624,0.0295231736395868,-0.2015505515748901,-0.0229974343811049,0.2743745174930561,-0.2365479138517608,-0.0447826977009694,-0.0677923084964755,-0.1146259748765663,-0.3214506471202027,-0.1730037761998302,-0.131451689552018,-0.082609383556541,-0.0978974949718998,-0.2065305952373568,-0.1760489602346915,-0.1112991068965402
2003-09-30 00:00:00+00:00,0.3713563001725308,0.1178254788151369,0.0689235399943755,0.3576351397629111,0.1098884430014879,0.0825888435325525,0.4614825485956093,0.222076219128789,0.0706876222942431,0.1737057126360306,0.2364915338097177,0.2896787362908009,0.118726462140535,0.1167075020428545,-0.0320287318116081,0.2125175026537789,0.1156391064961368,0.3395241660429402,0.0899211261513799,0.2382051017752173,0.2124254622236243,0.1244778166188742,0.4025012316103331,0.1037944833616737,0.0193857274451647,-0.0097419518579577,0.0154648230501408,0.0360083664951529,-0.0208845342090669,0.3405332868367976,0.0677840883289253,0.0846074338659423,0.3965652034018416,0.1649147133366153,-0.1752333419833847,0.2762254447482308,0.1411470946054303,0.2156460894128757,0.1594542446754889,0.1527233664378922,0.0252873501059673,0.2306465839317015,0.0445491980156449,0.1181621237599686,0.4557611273653725,0.1804586890266386,0.1585709935541071
2003-12-31 00:00:00+00:00,0.3290201423060959,0.1950782283505006,-0.0141498677457962,0.0252577450234461,0.3110771179683458,0.0943139212331265,0.2894483399896732,0.2268816788605376,-0.0187334240840142,0.2140216838130755,0.2084399247491966,-0.1395542588107423,0.043149187916927,0.1615253200152564,0.0267988245645471,0.1191514083728244,0.0685070441256938,0.0835826857836152,0.0412353543994463,0.001408668163273,0.0757179494340569,0.0331598877542027,0.39559353624914,0.1778985657656278,-0.0394520818819428,0.105298925283759,-0.0061474076040415,-0.0215940493604462,0.3970110731683915,0.142077910759935,0.1035140790762136,0.0412427696839323,0.0545453571595155,0.1160459941367828,-0.0199072030824106,0.211927302566953,-0.0140137482758265,0.1243495172081963,-0.0225696645334499,0.0924127963315322,0.1427503610669378,0.1628321246931054,0.0158764842845178,0.0078456887651729,0.1689047676186814,0.2390249687343695,0.0834336979425616
2004-03-31 00:00:00+00:00,-0.0333797606908909,0.0949954166376876,0.2538218268042538,0.193467067064293,0.1640073486596605,-0.0161442902992107,0.0762690464871918,0.4723925908615098,0.2024186966500252,0.1583611695264015,0.0942114320027329,0.0610409327544994,0.230565326773908,0.1705167344216605,0.0574751712985817,0.3049166031257411,0.0332543843778152,0.1309195525755222,-0.0205854497604929,0.2487836595417709,0.0999970273819599,0.225127142232151,0.0304510243984665,0.0664759728848611,0.0972288072716369,0.1809282632836726,0.0893551551918763,0.2757991628180374,0.1464391493061139,0.1095593806824843,0.3047415118592946,0.1514368977419782,0.2008113427139219,0.3122443492029283,0.2440365250443545,0.1228670796126298,0.160468282431959,0.1861409518146755,0.1392360645213173,0.246979793314948,0.2256376597692957,0.2277081153065616,0.1790078352362647,0.1484890411080472,0.2067712520384959,0.000671801180184,0.1320679458548075
2004-06-30 00:00:00+00:00,-0.1122303332895905,0.0721187653446904,-0.1699550330757522,-0.0252689000887851,-0.0399176570202357,0.1260678906439098,0.2157318832364474,0.3011905716119754,-0.1564442880251233,0.0798594273610504,-0.00353602537949,0.0838240746688336,-0.0693415926599483,0.0690217880312318,0.0663975011419857,0.0500862182256967,0.1027412058371657,0.0053869834942308,0.013481937584199,0.021468504354829,0.0656550241256153,-0.0425269916840521,0.0339292710278824,0.2943093236966048,-0.0884343459080158,-0.0234507082405166,0.0429595573020469,-0.076021761250186,0.0314958657305706,0.0092066643582093,-0.0372590703698467,0.2879125229918073,0.0101350489991902,0.0094645330097815,0.1494755373038554,-0.0227458128698233,0.0611283486448401,-0.0790758491047846,0.0203908881957357,0.1565094205081345,0.0133404484019949,0.0077484948407315,-0.1308238351911375,-0.0452608138567235,-0.0881762130429791,-0.1500431715873265,0.0267473784726106
2004-09-30 00:00:00+00:00,-0.0510532638313444,0.1779202693864938,0.067971543729923,0.2296554091441156,-0.0058435183374607,0.072117194222472,0.0523662065128962,0.1866422602831043,0.0790833642232353,-0.0147006002795823,0.0703760895162002,-0.0624099052189047,0.0504443484701273,0.1291434698101632,0.2247717256758818,0.0666158942315251,0.082552628529432,0.099058051070707,0.1855853398484339,0.0708343370525566,0.142515560194864,0.2033515320137529,0.366848549535703,0.0036133843136632,0.1231350642961808,0.0925787570985814,0.096759692704474,0.1704912009963068,0.2268873372726578,0.0128035231835856,0.019737552512455,0.1451914098972921,0.2151096173120945,0.0800025707853462,-0.1141756204007804,0.1612554041877987,0.05917147958221,0.0520628432095728,0.0559812351141155,0.0541600602085847,0.0531859000029026,0.0117823069941935,-0.0063483909165222,0.0719756074378286,-0.0318682784390017,0.2306861073280479,-0.0116673939483157
2004-12-31 00:00:00+00:00,0.0888127323314864,-0.0081058330128319,-0.1893883447879264,0.0559606565057044,0.0363059549298196,0.0493043381332143,0.226047726939389,-0.2629144007098218,0.0448951375482042,-0.0394072019673139,-0.0461541367349367,0.1012744143413539,0.0284625250502719,0.0156777817102193,0.0928411385160208,0.0271754782633992,0.0671411995918556,0.0485764692539318,0.0304898719887232,0.0248968556336142,0.0638791085702357,0.0034184999028554,-0.0167966853263229,0.1353636616610936,0.0996114994083772,-0.09202293117834,0.0046334586187313,0.1822438449768904,0.005876438996399,0.2466951485035708,0.0288357125684424,0.0499553188545536,-0.0855528811292769,0.058887674999817,0.1031036712245181,0.0380702458606643,0.0230976485975569,0.0495207334629836,-0.1418592011103663,-0.0370408965529049,0.2449999809265137,0.0148622397607884,0.0122072392867038,0.030527375317678,-0.1373438477851761,0.0760891462555466,-0.0674345914817153
2005-03-31 00:00:00+00:00,0.286274448154977,0.172910051307968,0.1821741776623293,-0.025027702231502,0.1855450514089116,0.1560708756118258,0.0972930583919877,0.3106693706059034,0.1812518312250488,0.1283011179804762,0.0426793374964911,0.0729956486484941,0.0817265235217263,0.1089917632230077,0.0374357361384825,0.0666667925391597,0.1299429069397166,-0.0035913352102036,0.1268884427323278,-0.0346390828072844,0.1172025651882191,-0.0238950510287262,0.1605317922337636,0.0733732127753021,-0.0334061126027797,0.0385787722381107,0.0031319434545702,0.1772327862362548,0.2109964877700005,0.1483460294984464,0.2564525626419365,0.2314472974849977,0.0813207157879443,0.2394391601054193,0.0238927759917797,0.0269111842849383,0.1225336604642384,0.0900707815051926,0.2025636423719103,0.1300042025438106,0.197590367536895,0.1520989524404139,0.13899087111678,0.1110603226565896,0.2500000640868383,0.0921374144430022,0.0735881050696034
2005-06-30 00:00:00+00:00,-0.1039632179377024,0.1228232538522902,-0.0228783442079939,0.1586411286136411,-0.0475836001928839,-0.0646543533745167,-0.1363690918992819,-0.0738228420149791,0.0526539787486521,-0.08770295910668,-0.0913432658171824,0.0648812467328097,-0.0633372958010189,-0.0814242160180573,-0.0361048584602999,-0.0839730703699923,-0.0511886943139361,0.0609085283676884,-0.0349914767434511,0.053717505875839,0.0083239181661689,-0.0284687690363493,-0.0063448955834577,0.0849054480019795,0.1329866946528968,0.0381970579074417,0.01472537847779,0.0384376336545602,-0.1160613327415056,-0.0885802907441209,-0.1866362336773319,-0.0870105533900827,-0.0792665448378298,0.1634011327090938,0.0749068806251,0.0751521852728713,0.0145052255146629,-0.0157865456445327,-0.0744234978779643,-0.0595289425008973,0.033199187835337,0.0139266325399909,0.0228394668648832,-0.1505638809639492,0.0452631472091002,-0.0095156009988126,-0.0139538863467961
2005-09-30 00:00:00+00:00,0.0108880551242116,0.0606522126689046,-0.0455392608191851,0.104899828518967,0.0690938891672674,0.140667160772741,0.0609966148330962,0.0353296697336549,0.0289940632849021,0.0026417538227103,-0.0061481440169401,0.1823784165735922,-0.0130743822231134,-0.0706756201662807,-0.0472098612821098,0.1077612924737883,-0.1086822504833543,0.0269518959735062,-0.1116613481433816,-0.0138464117692316,-0.01202871954057,-0.0989083838012342,-0.1023719918200338,-0.0240838051445013,0.0594833504558496,-0.1376843416444396,0.0254918950950644,-0.1419514813834952,-0.0995185680011907,-0.0455767784629267,0.0353999980659944,0.0924243777369715,-0.0377939784581745,-0.1287414528556356,0.0882767935591297,0.1118045143143322,0.0816585506335743,0.0223290555506359,0.0970867285233405,0.0446757538014754,0.0769231054954484,-0.0939508480059985,-0.0487320973216114,-0.0330919900408024,0.0120846783888703,0.0271695135116061,-0.0095436118307782
2005-12-31 00:00:00+00:00,-0.0121171389588041,0.0379370733586741,0.0870079940747643,0.0419134956055609,0.2360590734287542,0.108884338679609,0.1806729582313966,-0.0020807799825394,0.0951575239060147,-0.0630774527721352,0.1222360744936823,-0.0321663171693046,0.150766024396042,0.0527624333316645,0.1403821442226802,0.0179625648264036,0.0502819995319963,0.0877666613507333,0.1445082183881689,0.0273398879677408,0.1095367250313177,0.0268118536331642,-0.0313598052423975,0.3257031213192376,-0.0448345851813271,-0.0005806683738398,-0.0214642882177026,0.2970290060390363,0.1996437163959077,0.0054798418431343,0.0388808003787608,-0.1528612535278327,0.4250944760262984,0.0975506848737577,-0.0208304735191823,0.1009382817125716,-0.0136677257646914,0.0105491488269042,0.0581998806788557,0.0124124069195834,0.0623869703371073,0.0597655174601385,0.1065535844244001,0.0061813007940632,-0.0124379107659722,0.3034979278922323,0.0193940001165131
2006-03-31 00:00:00+00:00,0.2010220338608246,-0.0294064972308364,0.267988655165519,0.0531591985664581,-0.0160671102082403,0.1610986831950354,0.0366553476342972,-0.0400333237197021,0.0679082124021523,0.1098115277121631,0.0111859701737524,0.1072004509741708,0.053702517185652,0.0724733890466204,0.1800577190831489,0.2593306200846723,0.1983385827030501,-0.0352640550282582,0.1410719975466874,0.0162483535967263,-0.0370694947377924,0.0970374551431363,0.2073612379602183,0.0478970454627509,0.0400160713833703,0.096533954613551,0.1117977568532171,0.0723229424854681,0.2093608755112952,0.0624075005780793,0.033866035638326,-0.0434755997949133,0.0494645214399984,0.1203721456459046,0.0320673819274948,0.0070561639404009,0.0796379098362289,0.0979461347168928,0.0770486701823918,0.0355083313002704,-0.1526240896671375,0.0697224826624955,0.1233898595502944,0.0943996596565874,0.2000000196296205,-0.0195715276662182,0.0724027123401962
2006-06-30 00:00:00+00:00,-0.012198586169103,0.057902555549901,0.4458633226482056,0.1121304841460379,0.2766954627349156,0.3277346268875698,0.1566199425397598,0.1850564788952955,0.234371249640233,0.1824625463093507,0.1689863979393555,-0.0262069674869942,0.1186424834601824,0.1030862874626068,0.2895908859811817,0.2182134032741081,0.1107448100316821,0.1181209826893872,0.0575889236528386,0.1377516594420653,0.2415515658805807,0.0803748223814024,-0.0286931959679733,0.0806960751513905,0.1746695969366234,-0.0352721957119411,0.1450526182605276,0.2735936991671026,-0.0173238351124651,0.0055893268109488,0.2243421515732462,0.1847519408570108,0.0331918159980442,0.2262464165699198,0.0005837189784054,0.2470440974200165,0.127163113055345,0.0330979172894339,0.0043627102295458,0.0585081145789441,0.1750919815180669,0.0421127692850595,0.1851180798995826,0.0586143037740354,0.5008398614770422,0.2365425369411893,0.167714753415453
2006-09-30 00:00:00+00:00,0.1220563120909183,0.060884897181703,-0.1176317911546479,0.0457392279615971,0.0205097133685183,0.1128913295421012,0.1636899342349471,-0.0978739006264395,0.1495346499791199,0.0488648247178065,0.0292585577053172,-0.0871011810140196,0.0106493416606681,0.0193844266010407,0.3432281720482402,-0.1340361596245967,0.0323413014246387,0.0212456896326251,0.0074150600171865,-0.0509269433774051,-0.0728880378134567,-0.0078676770336801,0.1643406616992315,-0.1126019490719754,-0.0208205811115056,0.0753212738208037,-0.0497718958056897,-0.0227439350792301,0.4534883554407889,0.1794700897015144,-0.0429220956663469,-0.1488374015344779,0.0844230164206112,0.0102513698767905,-0.009726978419196,-0.0317053562239297,-0.0506500875978821,0.1043517177740434,0.0570963997156441,-0.0633901904573865,-0.0655270466395123,0.0329871195737876,-0.0225988988634529,0.0468980516322126,-0.1149652041700499,0.1132847676126049,0.0077401080935568
2006-12-31 00:00:00+00:00,-0.0007676268625537,-0.0869834576659173,-0.1506325786304647,-0.0125682707853884,-0.1220460257008029,-0.2130950212817565,-0.0136274212932748,0.1755383822707881,-0.0630965198541898,0.0103863906518959,-0.0414707938797666,0.0627998246172718,0.0022867583941321,-0.0628499490627733,-0.2429649680411795,-0.0709414171357534,-0.0832969844469984,0.130521655655516,-0.1211923632036057,0.0393992073241675,-0.0803317226047074,-0.0441964346488739,-0.2010032245205216,0.034787654226031,0.2036565515606443,-0.0869337924979795,0.082959651317267,-0.1978720836372225,-0.2451614213246679,0.0349388679083295,0.0071028846578073,-0.2105569864626802,-0.1894893868177525,-0.2085045768063634,0.0521851139228102,-0.0729507202805694,-0.0130062582720898,0.0029487946298014,0.1128459576355453,0.0679001130242353,0.1984756795016888,-0.1010761279257412,-0.0514432484956198,-0.1223510728887888,-0.2670670492540162,-0.2728793523203434,0.0350561285362598
2007-03-31 00:00:00+00:00,0.0504609625373269,0.1006804654096749,-0.0562733437931177,0.1189993438537655,-0.0601779945604245,0.0114459481592437,-0.0112291420552588,0.0553059234217663,0.0572260546348166,0.1182636602934739,0.0349154173254828,0.1048927227475675,0.0533375652830641,0.0842222746749075,-0.0505225285198828,-0.0510928411927311,0.0139804859470296,0.009940541264706,0.0729180923019297,0.0964306832368113,0.0937693955833018,0.019897098148538,0.1075510879487355,0.0980833010493176,0.0614182763217565,0.0695048780889624,-0.0131524045210703,0.1506902284043245,-0.1179488366903559,0.1780860618548034,-0.0113242819543905,0.1198229611362684,0.1478834490406346,0.0541940376380074,0.0727406864157433,0.1377670916965971,0.0300265730932232,-0.0130717680879961,0.078330880290995,0.0194990701267758,0.0058509166675482,0.0079437101065307,0.0645555033756744,0.0404692964073292,0.1164294767786846,0.1075269790556125,0.0164000247870037
2007-06-30 00:00:00+00:00,-0.0746160369972359,0.0950677186795476,0.0342263573187431,3.4234457704229726e-05,0.0968924861455324,0.1009247715299599,0.2352475458698257,-0.0861448086788171,0.1687816929350811,0.1222176401852015,-0.0003529557993228,-0.0712969059571698,-0.020447408369898,0.121328401489509,-0.0143575762230243,-0.029281815558563,-0.0329317662530885,0.0343589509958837,0.0798952084884043,0.0286181620047338,0.0767376098356205,0.1324835962672752,0.2354844601694359,0.0815817499227196,0.0580385365563349,-0.0191523221467917,0.1049118573462069,0.0319947893306413,0.1209303414879203,0.1468665081076241,0.1286448109151674,0.0420825097953889,-0.0431281195064428,0.0048003626252743,0.0311439904012451,0.0766654283577472,0.0222391135903998,0.0344883358851764,0.0097438545288048,0.1051507237018489,-0.0531108305562453,0.1392941162366368,0.1063443406954194,-0.0629141659117508,0.0563925562933382,0.1612521716339903,-0.0575742199345585
2007-09-30 00:00:00+00:00,-0.2498021501914783,0.165625444404815,0.0722879984159592,0.0934464461111224,0.2104782138103724,0.1118024534461634,0.4496379283172302,0.1028674149990753,0.1488304806677054,0.1863741993408365,0.0781295292676342,0.2146396941816724,0.1177453330001212,0.134157786974719,0.0188399333849271,0.213916421020424,0.0454553181303922,0.0289799898734586,0.239063358632745,0.2421889294698775,0.1505713228830696,0.078564715885256,0.1034280160483156,0.0859076541886636,-0.0199293600951664,0.1601064699862002,0.0528199662932487,0.063967828753052,0.0636241470206768,0.2089717659240377,0.1562356762207342,0.2638040582399628,0.004775871010463,0.1508894321842342,0.0076008232563962,0.0972327993267403,0.1245528176448453,0.1239406397915656,0.0768049135077877,0.111175495254906,0.2401175750058255,0.2672508961779047,0.1433554591706112,0.0558869938692871,0.2065813036082042,0.0845286827554363,0.1539883346021484
2007-12-31 00:00:00+00:00,-0.1794874545642827,0.0745829011536705,0.1078825949391339,0.1058476270826929,-0.0069284851114189,0.0493710798099571,0.2646226316036035,0.104972359251992,-0.057348711339232,0.2263368139058119,-0.0125104676970911,-0.1500038696483068,0.1424801441861809,0.0683601334529562,0.1520438509586548,0.0905467454739663,-0.0405568890943716,0.0848522294754439,-0.0044856138366854,0.0693565244316749,-0.008275066371901,0.0565410572292388,-0.1203671992551238,0.0798912706205305,0.152789239173507,0.0824645636282077,0.0212111752941872,-0.0213985595358587,-0.1979844609334492,-0.0218988419082993,0.1498101013052037,-0.1496894655842279,-0.1753600599541013,0.0209875344239971,0.1536734940644744,0.1126327515728553,0.0779486268856564,0.1376265852185627,-0.0134953863529577,-0.0828175674973524,0.197070890926936,-0.0087307054819281,-0.0133641532967706,0.0408479479640446,-0.0351515016265441,0.0267913831978805,-0.0323188811468829
2008-03-31 00:00:00+00:00,0.012414669012376,0.0634168903882157,-0.2461533845915372,-0.1848907130296306,-0.1080791758599822,-0.0533142912410757,-0.06613883338643,0.2152941086713005,0.0011220088756982,0.1985691826514282,-0.1308072643674502,-0.0812026422224703,0.0285426238701123,-0.0653846431963131,-0.0947185732351557,-0.1497487795087775,-0.1878900667501639,0.0382830396419702,-0.0814078063279649,-0.0098233928001506,-0.070761351684334,-0.1031854260465707,-0.0187511872876787,0.0388656169342382,-0.0275027719762854,-0.1218191456826689,-0.0096469481016844,-0.048252090095546,-0.0997164439306075,-0.0691826748627301,-0.0615185930552202,0.034003499713886,-0.1573151841302974,-0.0569294146298337,0.0664557419318894,-0.0694824785541816,-0.0802151940182442,-0.0796775040070659,-0.064663694096178,-0.1678984799744803,-0.0712487004085939,-0.1790477199110743,0.0907291458308789,-0.0835520727487953,-0.4418969590386856,-0.1320202928901146,-0.1498621289994467
2008-06-30 00:00:00+00:00,-0.129387208288484,-0.0157557597209532,0.0327184476323094,-0.1196792923640395,0.1387583807508274,0.1080362112343535,-0.1978213167101842,-0.0430783831665865,0.345370519138849,-0.0987644013631358,-0.0064328950343356,0.025986364664053,-0.0251336243190224,-0.1209224674524022,0.093584719203678,0.2176298920105546,0.1353305609830464,-0.0142611953674083,-0.0684888395612758,-0.0305098967411617,-0.1057266338292961,-0.0272261557633812,0.2758327949847774,-0.1860338896074068,-0.0343089325860332,-0.0106108973599629,0.0001256932721047,0.1215317626853966,0.5092304261153344,-0.0915341816621883,0.0292350322104661,-0.0179859465886957,0.033699414815846,-0.1002503766820372,-0.0693386236022581,0.0169973297181684,-0.0273040358080186,-0.0486048273870632,0.1640857095743872,0.0781913293631391,-0.0614102718818008,0.0400433586677977,0.0336617370485088,0.0873565512386753,0.0602139840417565,0.1628930324523398,0.0720979187831085
2008-09-30 00:00:00+00:00,-0.2860612080877612,0.0515849407034794,-0.0448964439162962,-0.1334300087858436,-0.0694036380926729,-0.0471492446824635,0.3189067553357774,0.0710672102561906,0.0480899452166367,-0.0905663729778126,0.1045893197423082,-0.0610574384302141,-0.0606454266672568,0.0364513947665268,-0.1030489198030147,-0.0735950257704874,-0.2174477698051431,-0.0185451817413411,0.0392682544407054,-0.1160232538181278,0.1565451104246127,-0.054605934412818,0.0038659787648676,-0.0287690187147406,0.0015374267740562,-0.1363383966567316,-0.14288885037538,0.1142598368536778,-0.1082940837506232,-0.102299145852621,-0.0094414124234891,0.0485831598649681,-0.0879863008290604,-0.2691385147484616,-0.1503099734867266,0.0582185273772088,-0.0123755570192672,-0.1445776834368267,-0.0494752106417223,-0.1081825207018758,0.0235293987966342,-0.1998144339613882,0.1544169585360495,-0.1852986825760864,0.0153926431622533,0.2374015148969317,0.0880103556488918
2008-12-31 00:00:00+00:00,0.4401364145991497,-0.1441301165455717,0.1745423741959144,-0.1295721864517767,-0.2267358679395634,-0.0578382991150375,-0.3411789579690492,-0.1043683194379865,-0.1261315534665847,-0.3663093676028454,-0.1742372433903913,-0.0131207825598026,-0.2107549981844094,-0.3482919551997808,-0.1578450448937071,0.0415210351995902,0.0586360864830495,-0.1388590827009123,0.003289850604818,-0.2155833770633186,-0.1582534276079297,-0.0954026599016533,0.0093282046285396,-0.0640368464777219,0.0806796064266945,-0.0274311550817243,-0.1427129704611967,0.0690162194909298,-0.0555367163802451,-0.1524208971422773,-0.2901127689206489,-0.0060052608622116,0.0017278187498435,-0.149227123973092,0.2881830848293703,-0.1643801201038556,0.0168393019835879,-0.0209983870698929,0.0251520078956386,-0.0322422654383396,0.1326880015348022,-0.2010184323200972,-0.0540131664998609,0.0621239741118495,-0.2739153304980487,0.0697395093814323,-0.1559092249220437
2009-03-31 00:00:00+00:00,0.3977323254779903,-0.219456525751396,-0.2152308742851318,-0.1948063700925106,-0.1679863556071942,0.1009586943868618,-0.3106121470182711,-0.261007106218751,-0.3435856973841593,-0.0968826931548507,-0.1148764384661392,-0.1663971608251543,-0.0214832178021835,-0.0397866930042953,-0.0334822139567817,-0.1866347039608241,-0.2005005740600173,-0.1655099228077631,-0.0111610208856595,-0.1172857535107472,-0.1473656119722756,-0.1315086567505805,-0.1956262754026477,-0.1060828982509909,-0.207873760335519,-0.1145588362438031,-0.1720505982760156,-0.2415562119906472,0.0364864407162373,-0.1383248285038648,-0.1096862195165023,-0.2763230215545468,-0.0981155636268465,-0.0617086765923191,-0.0557325875579217,-0.1790026045156457,-0.1405363516166017,-0.0635746604451867,-0.2081452586636587,-0.1562874773635144,-0.1933415907009671,-0.3539081566271465,-0.2741637742727872,-0.1127346358664257,-0.3534918411321952,-0.2283563827551969,0.0981801608613752
2009-06-30 00:00:00+00:00,-0.3893207103536966,0.0058216978819918,-0.1555742973762748,-0.2089012582256714,-0.3753410091336542,-0.1829990694704317,-0.0916676534820539,0.0449518443815859,-0.2267382436504228,-0.1681727523437504,-0.2243059259704347,-0.0938641565202864,-0.2139598553486881,-0.2678771501227608,-0.1908217855361434,-0.0892003428536729,-0.3001437590331185,-0.2894960348475346,-0.1044775285287407,-0.1752084963146204,-0.13136300924912,-0.1434268796703932,-0.1028383066354071,-0.2686548578236821,-0.2034919305761361,-0.1349780097185137,-0.0330531419909237,-0.2897354979090701,-0.1664391709306516,-0.148307738442915,-0.2237517242797361,-0.0812020328815732,-0.1399371000431039,-0.3414587349903453,-0.0509212389454126,-0.0359740305416514,-0.3193120072840892,-0.1946686545138874,-0.3592833225351345,-0.1465464987736439,-0.3950563006698662,-0.219468247257073,-0.1645026627900971,-0.0981481074700677,-0.5222716068078194,-0.3304431053904727,-0.2334181604180709
2009-09-30 00:00:00+00:00,0.0348646170073185,0.1173424373118834,0.3610384725708553,0.2033038766834194,0.1596273518552524,0.16752894650496,0.3716635270651824,0.1932400024068148,0.3140162267324109,0.1862296166070245,0.2584009834952958,0.0574515871756813,0.1239090274076306,0.2212226750282133,0.2145707018608615,0.0009109060853005,0.2522033450932521,0.3397750167349671,0.1480680915977603,0.1361724293662456,0.100803126292551,0.2156403905802082,0.2897179444227158,0.0635273386994454,0.2014501629499432,0.2096674960041584,0.0422840704065445,0.1163007711562504,0.4050836694927424,0.2686123679348893,0.2369812499595114,0.1460025283820054,0.3003828489732192,0.4819736653695678,0.0516093353296438,0.0710923912811449,0.4493039252811317,0.2001762980106578,0.1099753716962996,0.136903900896512,0.2283837415681064,0.4857901578854742,0.2752170892051329,0.024372988831079,0.4685314439192498,0.2334788707064878,0.1067968116269035
2009-12-31 00:00:00+00:00,0.362031711810298,-0.0301990979838925,0.0932553281126247,0.2458057592833995,0.5086311425522483,0.0697093757709881,0.2027385623891628,-0.0695279042097338,0.2123748520869377,0.0320907373114571,0.1165163740730632,0.0738920643075804,0.1998761819302557,0.2249420641295669,-0.0008917088121678,0.1352373531778019,0.3135374386726799,0.1341598842211322,0.0597776151223117,0.152498622298723,0.0960426736062689,0.1156429963151894,0.0413145796478731,0.2434622327242881,-0.0427520662082704,0.2031569785264331,0.0962095890232432,0.1512913276731715,-0.1383130160259272,0.0848827416510475,0.1773390151559235,0.1196419032911473,0.0255009929938128,0.2733485710520276,0.0503032778563887,0.0617241295280805,0.0710064305422204,0.1553051917447432,0.1995802635744905,0.2528317421608337,0.0403920607161163,0.4061171344460661,0.1056074391815269,0.0948810807646605,0.5444441807276876,0.1118515059988316,0.0441606450125193
2010-03-31 00:00:00+00:00,0.3690616092684546,0.1262053060568086,0.2103969687846483,0.0876005893654729,0.1926014545497529,0.0616916573216645,0.093799359698355,0.1196186757346664,0.1751256354459776,0.3609195490384416,0.1511028188063885,0.1127735189192724,0.1179259168239654,0.1805435167444131,0.0498689819380768,0.1344135151688485,0.1340021079531856,0.1019976743282491,0.1310954221082267,0.1170611155277721,0.1849116178593866,0.1770833442739343,0.0430691081102339,0.3438515972286349,0.0112376936985814,0.1517708788544423,0.1439752634331486,0.2140375943239865,-0.0081272212725904,0.0286861665859647,0.0908434096039854,0.1734715286150594,0.1325640978002977,0.1684870846602337,0.0622624675710834,0.0775963014877256,0.118615494874706,0.2006413926705608,0.2685411133383983,0.2674204758817604,0.1276049493711357,0.2099322625897208,0.1309893733571008,0.0622171454373203,0.0318604331260083,0.141107475561294,0.189175072924373
2010-06-30 00:00:00+00:00,0.1726415146558535,0.0863388396536275,0.1827556580231242,0.3080864874680866,0.1003684970037817,-0.0572494299575544,0.3321604494093224,-0.022246673350332,0.0738420674209983,0.0705941014456885,0.1159936985355953,0.1367664331170528,0.1811871425438631,0.1915679052134939,0.0447547126204563,0.1668641074757024,0.1058974652997435,0.1321499589203969,0.131477684326104,0.1247418351461482,0.0516813338247561,-0.0118381005323392,0.0813620069292817,-0.0054656778026033,0.1004155615252084,0.0166296550641127,0.1735270264516439,0.0912379492990764,0.1300785150322696,0.2001996254001847,0.2025366674082234,0.0875090834298002,0.1298545371722639,0.1936389302065115,0.1066049723584279,0.1173869605199335,0.0240928386929373,0.0415757682190682,0.0260788694662061,0.1067396194996794,0.0397468277170687,-0.0172854601507701,0.130918302820427,0.1117683394093165,-0.0766931153788685,0.0225653259922444,0.0220451508236301
2010-09-30 00:00:00+00:00,0.0824162143836175,-0.0408837629234215,-0.079408902692561,-0.1420559448981816,-0.056976022102797,0.0051209269510161,0.042389451159623,-0.0115168501400401,-0.0543167043492903,-0.0711640862266236,-0.1157986745753333,-0.209417077614564,-0.1344610308667363,-0.1453889834603932,-0.0527667661258051,0.0255250113400926,-0.2176824949116841,-0.239664281545034,-0.0939149425547372,-0.1381572465648848,-0.1458095238903879,-0.1219823185649424,-0.0690822461909004,-0.1369531210438201,-0.1052331977177905,-0.057317143551541,-0.1762077408180024,-0.0699752355243295,0.0519638434943263,-0.092375140502994,-0.150489732530434,-0.1173817634762642,-0.2254530982963726,-0.1294269118994958,-0.0507339077659974,-0.0587350658998767,0.0182578046978276,-0.1263130803961158,-0.0524311033388796,-0.1308380658662807,-0.0698806660143815,-0.0507669793645637,-0.0516475880812127,-0.0895980331426442,-0.0388350116495052,-0.069214192269846,-0.0756945967026048
2010-12-31 00:00:00+00:00,0.1249438117387988,0.1988319601216897,0.2032813411446936,0.0799242216306883,0.3130046632125305,0.2546466455983429,0.4132125571661991,-0.0679170071872194,0.1283242306916734,0.2471741030197458,0.2792963582780807,0.1042662942620804,0.236307660753118,0.28760557305307,0.3359400319857653,0.0805469660952349,0.1911883998402317,0.0676922045318728,0.2120492062381214,0.1535113376932395,0.2792178633509812,0.1451725563766481,0.0489221715384293,0.0941517326470715,-0.0569147892224717,0.1224753224833887,0.1236756540349226,0.1269885235714234,0.0778284353392411,0.2187069352424091,0.280097738497715,0.0655666932651479,0.1157179997325856,0.2690528200881295,0.1403464594302972,0.2007382660632115,0.0417879269814336,0.1113732017161379,0.1426404199405355,0.245323863844898,0.0507853033498133,0.0683971039010136,0.1710679593128832,0.1538341731702979,0.6778897438524132,0.2005878749736576,0.1458450146421199
2011-03-31 00:00:00+00:00,0.1624822137498949,0.2409811340190739,-0.0054950211859106,-0.0004178023038011,0.2102861867369507,0.1791851417019592,0.2273603446615779,0.1445122496561248,0.1950116727188742,0.2241749896374802,0.1311583254696118,0.1702778142408878,0.0730284370432972,0.2641443360555584,0.2046453831971899,0.1491381604825132,0.0896865709816268,0.127706523238174,0.1764234337575829,0.2355884288862948,0.1115920156294831,0.1581959692824799,0.2095507405606287,0.0156401313402514,0.0147980790496189,-0.0032602339911538,0.0882394436904097,0.0860711984087732,0.2981616174108012,0.2071351192602539,0.2475767075097987,0.1079179176727918,0.1932834111966648,0.2205684876267464,0.2966990978592767,0.1690618869222473,-0.010113579655706,0.1169027037933385,0.2506627052853383,0.103853618419788,0.1178375588978242,0.3293177481044664,0.1611007400476396,0.1055140523434554,0.5297660431039279,0.1152624222822034,0.0340983295936023
2011-06-30 00:00:00+00:00,0.0834483805406158,0.1267140941226245,0.1618664978644872,0.1210838398723239,0.2071367911557164,-0.0773189520287531,-0.0016959708171115,0.1550346178179484,0.2138878371551444,0.1840088154612758,0.1422941721241524,0.0986725235650574,0.0365788637946888,0.0853951112520055,-0.0821893669721457,0.0907702263061358,0.0208179045719996,0.1130353242208446,0.0136494908040736,0.0995384182169147,0.1231329715811946,0.0018642342386963,0.0804590218204337,0.1146008128456412,0.1699474749904772,0.0795031545881561,0.0773380059240962,0.0947627604302712,0.0858990876845904,-0.0739655672399147,0.0995751887855438,0.0332217931252789,0.0079628164257565,0.2967391290420496,0.0337528965068238,0.1479128828397953,0.0083441012132321,0.0855691565921552,0.0591789532449504,0.1326701120124316,0.1522175617036012,0.0153931851099935,0.0532098877208473,0.0281421676024211,0.47704425034173,0.287129053773177,0.0318985169582044
2011-09-30 00:00:00+00:00,0.1018975712781478,0.0241283870536714,-0.0112816200020575,0.0088128047151845,-0.0357819505400697,0.080273987863169,-0.0324708873812592,0.0883302113109996,0.0178797945493962,-0.1382172143157697,0.0319686711987232,-0.1096642532193492,-0.0263057944231692,-0.0521423817702486,0.0368123641242847,0.1176382021968074,0.0175130821990681,-0.0082661487169763,0.1280318189335876,0.0214606332930111,0.0441403997446914,0.0705446187515883,0.0674105109675704,-0.0851794676766231,0.0220861039403521,0.0441292679519147,0.1255500214296636,0.1157597150768341,0.0751347815457093,-0.0237125435731787,-0.041165681390994,0.0915560635334409,-0.109098575130339,-0.078730748984618,0.009852554347661,-0.0506591536472215,0.0403012415518913,0.0621817893730944,0.047433793510285,-0.0338988887350836,-0.014119913567963,-0.02340893604999,0.0914481158329478,-1.6027283596731223e-05,-0.209887633061937,-0.0152162256631697,0.0058762875743489
2011-12-31 00:00:00+00:00,-0.2573080553102351,-0.3100864565926143,-0.2983467084534341,-0.210379505029056,-0.3477443147945981,-0.1746378891052005,-0.2425619527473722,-0.1962279845520519,-0.3102031208153784,-0.2655978712504246,-0.3501224888513792,-0.1541540623525642,-0.281726132432498,-0.3463001155415723,-0.2508108275398761,-0.117242483084845,-0.3238577762543085,-0.2656644083389882,-0.0864791497436544,-0.2917694232016,-0.3529504041529082,-0.297446754635612,-0.2494444403167709,-0.2652874042215259,-0.1229976920486364,-0.2613198919021405,-0.2697700061847751,-0.2153155620655616,-0.2666139994116521,-0.3701253707180758,-0.3323493956290406,-0.2456974915843121,-0.2468300919114064,-0.3825285068999235,-0.1517489440201433,-0.2061189243434923,-0.1268881762086255,-0.2253195912311925,-0.3285602113223513,-0.3406965759323608,-0.0957426123453389,-0.4352820692812078,-0.2482604170917847,-0.1519584403529998,-0.4057699361548139,-0.2545475387366944,-0.1559381622736401
2012-03-31 00:00:00+00:00,0.4409582035732931,0.34613400789709,0.3621190973671304,0.2822873364922238,0.3394789808607839,0.0591113893212318,0.1285402989987709,0.2399155919036295,0.2057120101809459,0.2917485713008396,0.3320491337604794,0.3196561818762915,0.1820611839146499,0.3417491567530408,0.0583712813203591,0.3631149587255984,0.3093546785100125,0.2316199463138692,0.2947859790910156,0.322330291065908,0.2581393916986387,0.2053279820351972,0.2705995404169325,0.1116456002162995,0.1675829749305928,0.1853928924757686,0.1638321805311371,0.2369447535288757,0.4678170461723641,0.2171597911618608,0.3021395961160402,0.1077575287998924,0.3982458038188681,0.3949605998315111,0.2783697289386089,0.3305539884124464,0.0304327054467874,0.0829659728467004,0.2144692659175433,0.4652808766034277,0.2111086897379843,0.2166359057674096,0.3614594860932481,0.2006252130800594,0.825977223160002,0.3814670323966429,0.0590737844354989
2012-06-30 00:00:00+00:00,-0.0361053084690631,0.16142384831283,0.0802267063617416,0.0187607123513007,0.1463012170199793,-0.0515958078652188,0.3410887374541167,0.1086540664041233,0.0092205969042655,0.0421308698991618,0.0889944263334627,0.1588981573534928,0.1096042505495786,0.1095843311017936,0.1272991988319369,0.2534212031266742,0.0839931836778404,0.0967734810511469,0.1795144674929554,0.106612048794737,0.1422918131243091,0.197757944344421,0.2210907188622433,0.2557131767396434,0.1240073232730312,0.0759658041766704,0.062718472991651,-0.0857954447042521,0.182998833701947,0.2200060778485573,0.0962079617260254,0.3893023243151894,0.0798554468280952,0.0646183238825153,-0.0489437514296851,0.127032485572347,0.1290176455297482,0.1144091932297195,0.203134821017257,0.1179266188105787,0.1311357888721549,0.3035676477950155,0.020249881048288,0.0959245538821422,0.5279697220912445,0.0962091862471821,0.0826282841189374
2012-09-30 00:00:00+00:00,0.0221662939215365,0.0273859106877341,0.1086599208892622,-0.0207589052989626,-0.2164669160599249,-0.0717309793949451,-0.2075041945332667,-0.0724971005666589,0.0093247931267266,-0.0152103942942681,-0.1650295731273772,0.0703380367148707,-0.1288079135922707,-0.2109132846306658,-0.1614444699125991,-0.2832640186809274,-0.0054349994590418,-0.1017889001464614,-0.1252722129105534,-0.091617932561663,-0.0817019980929844,-0.0830206098573314,0.0754278217146855,-0.0828469982485146,-0.0323115159043351,0.0074893846850692,0.0374778196193916,0.0724256180184004,-0.0801409404303197,-0.1831200624843368,-0.1159109495754104,-0.1741436291871949,-0.0701849081898318,-0.1910231638365215,0.0660369112790437,-0.0161041799104396,-0.14615673777201,-0.0872007274521842,0.0158526261850358,-0.1879856177199497,-0.0180551061239847,0.0218812773875654,0.0875842046934733,-0.0172838985434875,-0.2345763470041796,0.0291552687968736,-0.0440214007820488
2012-12-31 00:00:00+00:00,-0.0345871260405528,0.0381759183092427,0.1714135230314943,-0.0375806268105477,0.0279168647773164,-0.0230662577947157,-0.0345598544350027,0.1352357492346152,-0.0559447902285145,0.0325424001943395,0.1266087114099092,-0.0102006036723812,0.0639413271696769,0.2128074694811237,-0.068076336777649,0.1478018650792494,-0.0697081253190313,0.0285278770640642,0.1148401213153169,0.1093243457381625,0.0814999365942135,0.1515800568757512,-0.117829693485897,0.2337136946741191,0.0838423746722798,0.0515715100870479,0.0722111366741413,-0.0915200495227044,0.0174468755966765,0.0649577983173226,0.1078140808762082,0.102960080175112,-0.0709943063237261,0.0835716934351105,0.0252635373141512,0.1216854185051714,0.0530354214645192,0.0513417622693066,0.1603209046674931,0.2164668338617756,0.032258064516129,0.0527151095979865,0.0046279518957659,-0.0780279550988434,-0.046944242832956,0.0130635443400486,-0.0394837135023349
2013-03-31 00:00:00+00:00,0.2493602724020449,0.1146644324741217,0.1323392928170033,0.1076094574611756,0.1068972222901079,0.0747736356402088,0.2343960667383491,0.109653852017266,-0.0239252870367093,0.0709478539980064,0.13547428694481,0.1663859653579882,0.1485962082362255,0.2073334736432641,0.1403327442162265,0.0905148190536793,0.1103679942146629,0.0723220901891812,-0.0121187709566026,0.0723780855679716,0.1551217373316162,0.0468678756485427,0.178985153811285,-0.0052682930606587,0.0105837576523541,0.0227081479650832,0.0173280720932988,-0.0101129614653168,0.1792234791925384,0.1724163056632854,0.0560850230499541,0.1978193074246672,0.2439960417071069,0.2483914967572207,0.0011469277488052,0.0509546214513805,0.0907675425442455,0.0796132588479574,0.1367103998596064,-0.0014229807445812,0.0415625572204589,0.1156825092096256,0.0899279577418055,0.0683767610635908,0.4842009077301916,0.1268527535460057,0.0858930533240334
2013-06-30 00:00:00+00:00,0.4474282209001183,0.1027231244179831,0.1074725911264826,0.1132426255745036,-0.0840644323710588,-0.0663606777446743,-0.0016217837709281,0.1112934829790106,0.2074095387218737,-0.027362023942193,0.0726288985561087,0.0406396108418489,0.0146717025126603,0.0911091537250834,-0.1352078117811614,0.0428763005369994,0.0387995984732123,-0.0428309059348303,0.0620517287626525,0.1546830297679959,0.0995036115791805,-0.0116343172382488,0.2028177459701767,-0.0758263360271648,0.0321446003681731,0.121570392445675,0.0339980861201842,0.2112796161234138,0.0546016944161975,0.0769043621554161,0.0274041144064083,0.0242060831603134,0.1529286524099888,-0.0115305121260624,0.0776867596645651,0.0999301651735851,0.1078870910547471,0.1128066835639038,0.0175087137881302,0.064836857936245,0.1707170211256159,0.1039719378982833,0.0962916448347173,0.1151820121489335,0.1095804603132442,0.1296848134458139,0.1487365835407177
2013-09-30 00:00:00+00:00,-0.1690250644208962,0.0169419090612099,0.0508901632767635,0.2172543238634989,-0.0278913120576956,-0.0294828901711017,-0.0169801014522433,-0.0756277008564981,-0.0347732804365585,-0.0383631991355201,0.0893900885775771,0.050745168248117,0.0132218946409714,0.0943848078716207,0.1014117624321575,-0.0754443716794636,0.012910832615915,0.1686240444400695,0.1621888588930522,0.0861606879112744,0.0473397203625007,0.1488483317404763,0.0030136100570878,0.0930373793940106,0.1497957101744134,0.0405416941703264,0.2014815333802553,-0.0399102752683768,0.1417134012793051,0.0910806832759669,0.0870141140101066,0.133582207374217,-0.0997996492414382,0.0098147845264855,0.1010237522454333,-0.0025511448948036,0.0584174077432049,0.0253051856121393,0.1181676879067548,-0.0124307110290647,-0.004741193519238,0.0374855813152459,0.1142246569524447,0.0377705706451063,-0.0585026083545333,0.0690551740697826,0.0620754468996793
2013-12-31 00:00:00+00:00,0.2385949484398224,0.0585772379410951,0.2224756991460812,0.1457377489059896,0.0196312791552142,0.0655862078079443,0.2091296827142108,0.0485778335982529,0.1330344967048464,0.0173217695725935,0.1698428916100178,0.0112956057728428,0.1833839744690431,0.0441155743373653,0.1513189491340527,0.1264568564426944,0.1671425166795943,0.1278518222261697,0.0435167153604147,0.041311871207144,0.2166110097570297,0.1046404852098734,0.0020144152700702,0.2050190406935161,0.1910082021017005,0.100372543812361,0.1610692682009638,0.0850708642327506,0.09420317098235,0.0311224885701932,0.1324662076830951,0.1374495025726008,0.1725695439642933,0.2769946352416284,0.0031925701003596,0.0662664939203201,-0.010021942451641,0.1391243093959659,0.1094588806586733,0.1856888037335091,0.1050599183015299,0.1627575177606075,0.0133191786065001,0.0620961763369818,0.1852147400125559,0.1879875805272894,0.0315013106072501
2014-03-31 00:00:00+00:00,0.1244888283593463,0.1414798986815029,0.1733626648413606,0.1649094908494111,0.0804611910086645,-0.0281252156270415,0.0488680433221229,0.1158183199636784,0.0862526970087107,0.1039649575923042,0.0549339277391089,0.1470804603344886,0.0719594312400788,0.1007015158158779,-0.0161229250314467,-0.0861540221275076,0.2139520001119041,0.0779682824889567,-0.0404759345956637,0.0908516144582325,0.0993016396777146,0.0942218150933023,0.0444432577543452,0.1532710107048003,0.1563979982793408,0.1604056961834206,0.1842127777243067,0.1741380874668081,0.1157873753222875,0.0700514516851613,0.1681371330591716,0.1695707189846604,0.0625781304132915,0.0835164949616502,0.1092361544171403,0.0350993864952919,-0.0096246918930248,0.0533714945063685,0.0819399922808152,-0.1264034408820161,0.0492834164895541,0.1801427170416905,0.0717681284112068,0.1324389193398565,0.2894469639315506,0.1500690249717557,0.0715734347267709
2014-06-30 00:00:00+00:00,0.2898929993436001,0.0092003978252617,-0.1274933470281819,-0.0566100993491028,0.1178617356179605,-0.0917987042661516,0.0797013008058742,-0.0016389339604121,0.0364890640298267,0.0183996041749094,0.0515505712377362,0.022364684967449,-0.0220970336175901,0.0103631695888193,-0.0864568356070105,0.0734950721151881,-0.0394457500386856,0.1643676316080273,0.0040048967853323,0.0375304624812045,0.0170745179872515,-0.006729235307016,-0.0439943965559512,0.0840653929513222,0.1301094057376073,-0.0050885230668336,0.1003284731329006,0.0804998170236914,0.0869230678828221,0.1628759200335625,-0.0371567234137655,0.0472077530211503,0.0355645555170403,0.0781039692425471,0.0514271371036216,-0.0238597517794165,0.0468689864338058,0.05377500399662,0.0540234511465846,0.0261343735001255,0.1007106366944237,-0.0627067290058344,0.1334124841765749,-0.0511995696812483,0.2542817726136697,0.0730668038908528,-0.0426734006360705
2014-09-30 00:00:00+00:00,0.0396950834847908,0.0070170105518356,0.0765320176483177,0.00514042991818,0.1002188381796445,0.2251639785688965,0.0406619938115602,-0.0079343617395563,0.0693403204765887,-0.0077733711717284,0.1044449985914595,0.0414655984463903,-0.0051728364533831,0.027918447100155,0.1286758759213742,-0.006317169053489,0.1378633282426822,0.0736602761295315,-0.0007809676972037,0.0192526010021043,0.1074835770483073,0.0679567085674881,0.007288138445469,0.0351450992242359,-0.0106350481293402,0.0653107534587074,-0.0227107567059726,0.0515707380400336,0.133873340349661,-0.0608222660025075,0.044064228488454,-0.0934371171439563,0.1343002238783817,0.0117160797620379,-0.0185307990988629,0.0893063121408115,0.1216308295855326,-0.0119664926022916,0.0539156912977667,0.0817567716857756,-0.0117017660128588,0.1042798387248442,0.0671586468966118,0.0635894009188302,0.1174692328792692,0.0499368892248581,0.0782139333698257
2014-12-31 00:00:00+00:00,-0.1215716766055049,-0.063943583504976,-0.0577807542760562,-0.021264056465914,-0.1002362437175158,0.0314093099959222,-0.1462793842927305,-0.1400992347355029,0.0091112640467039,-0.0881117563710454,-0.1230008866724521,0.0176247012502526,-0.0710117749038412,-0.184042123078851,-0.107567874946381,-0.0917207125180453,0.0391557950225982,0.0673251046541114,5.571330540821151e-05,-0.0263764804156488,-0.1225845823622561,-0.0432963504089276,0.0018792533655318,-0.1204284796132763,0.1157900818823713,-0.0314757998310419,0.0688873915897343,0.0653525181306828,0.0633836962162737,-0.1110771540699441,-0.1161824928784566,-0.1051204677104177,0.0044443710980046,-0.1251443638788281,-0.0460830000158327,-0.0057350784819736,0.0006274097567209,-0.0992212945307382,-0.0057321148919062,0.0004509985219283,-0.0560375400159675,-0.1130363282596248,0.0619737457830846,-0.0510766540410494,-0.0259303976291842,-0.0490233003604784,0.0601632002402647
2015-03-31 00:00:00+00:00,0.4147025066454188,0.0685765839404464,0.2017565316753129,0.0484339659476849,-0.051532289308747,0.1387150077695216,0.1232495542289862,0.1731879882304723,0.1579948813146676,0.0905123340085476,-0.0895256714213978,0.1114500183974596,0.0137321174192275,0.0915737963277736,0.125690838140059,0.0709768730595838,0.0917110355217705,0.1196788595703446,0.0226765119857244,0.0993972797895184,0.1012345482622836,0.1449356875878311,0.1378599267297522,0.0858658461237678,0.0953912561740695,0.1850880377722368,0.1497251203584904,0.0098930826411569,0.1323593954328252,0.2346730026946055,0.1623531666955344,0.0368239430695771,0.2041469138907461,0.0209856121513514,0.1359200834467768,0.0790397968025671,0.0781132527611629,0.1139295771703208,0.154341359934071,0.1034443849652826,0.1046712797772626,0.1437455234511813,0.1256415245676549,0.1459461091514611,-0.0080438441444005,0.1125490586182522,0.1060590167894577
2015-06-30 00:00:00+00:00,0.0642137181479023,-0.0047445204895602,0.1684384209984415,0.1508989560510374,-0.1261099730281172,-0.0200675248067061,-0.0588254609346492,0.0265171502857164,-0.0627296605489529,-0.0015699418105169,-0.0303283213073355,0.1470700130189497,-0.0881001901633655,0.0027661223239163,0.0774425775549807,-0.1245585148720319,-0.0348956930234372,-0.0279119055665089,-0.0873286428321288,0.0351677284535101,-0.030090123585329,0.024581742052677,0.0269300016893232,0.1041082938072923,0.0357772558902567,-0.0032253152019628,0.1007727958107376,-0.0514939857390377,-0.025158145990028,-0.0885344086642094,-0.078404970305574,-0.0504933085041708,0.0284067055148786,0.0255023662726321,0.1444357577311905,0.0857717565295648,-0.0063842464049315,0.0130797818266341,0.0842183318649869,0.0002898636069377,0.0443421947622446,0.0645732743575722,-0.0909421486572481,-0.1191187099418132,-0.1169029831714483,0.0821331280717845,0.0440136187235176
2015-09-30 00:00:00+00:00,0.0076695578599321,0.0633375708932995,0.1280133826363549,-0.0471482970457614,0.0628547297015382,-0.1296530845014049,-0.0380393587009176,-0.0508655096196913,-0.011325207088552,0.1051135943792969,0.0140424681974671,0.0612491581148004,-6.339789158760212e-05,0.0088669601968538,-0.0251245488607551,0.0294021009293714,0.0228746783581967,0.0793325342648616,0.0256623663895625,0.0009817982735338,0.0548942148998927,-0.0269344335234397,-0.0254546513729392,-0.0095336601581688,-0.045800507966102,-0.0362156612021908,0.0022295451537213,-0.1343861950607254,-0.0866860327647884,0.0430136442641129,-0.0055147392800485,0.0964886126734791,-0.0559142378187051,0.1210584856562062,0.125675654491995,0.0265351363713355,-0.0080310439630041,-0.0387542232834159,0.1006340316431415,0.1309241980692363,-0.0013122072025945,0.0124820781923258,-0.099340681686691,0.0115701262926244,-0.0861390284971158,-0.0003509499727357,-0.1262979274364039
2015-12-31 00:00:00+00:00,0.2508998699224114,-0.0640025564268083,-0.1059293754049499,-0.0659894714380836,-0.225913456645449,0.0936582023202996,-0.1898026130236259,-0.0617284175256871,-0.1727729272992539,-0.2361839109052091,-0.1871982621178574,0.0025602775869189,-0.2210115716959244,-0.245502811315611,0.0315334534401714,-0.1522939545144238,-0.1463758860973917,-0.0348535407783641,-0.110498538236768,-0.074543953545951,-0.1072900949848342,-0.1212907988929995,-0.1316278181560328,-0.0473143844050598,0.0961156282728326,-0.0891108829697996,0.0401621053744662,-0.1159768649092178,-0.1143313217018946,-0.1941323372942512,-0.1749347701556665,-0.2750875517149329,-0.0828851576091443,-0.2007100792429933,-0.029581707781907,-0.0921978979275952,0.0528168836642508,-0.1974624276489265,-0.0706675872510742,-0.0961552716597196,-0.159174155120659,-0.2460910261935561,-0.0537117793908608,0.0241892493265194,-0.2842105989270885,-0.0740581304630041,0.0855250838280445
2016-03-31 00:00:00+00:00,-0.0202537391058316,0.0168478382782604,0.1519800612639645,0.0823727584373927,0.0677097334080023,-0.0809044733618556,-0.137807830719318,0.1264952068167182,-0.0399219112585613,0.0518587307684654,0.0977755729254417,0.1154488444041792,0.116633437163844,0.0425293913855562,-0.0664482079508049,0.1404022003723037,-0.0071576762490722,-0.01041541542723,-0.0296528804674571,0.089284919271126,0.0822442232339986,0.123206112330926,-0.0036520921394433,0.2042201644078818,0.0489838255291863,0.0496066723684405,0.1363223043076993,0.0657269637148465,-0.0441751241413528,-0.0552565712806714,0.0123567794827894,0.0004384072168677,-0.0919173959881072,0.018519524481432,-0.0491496772085693,0.1841072835624506,0.0538198839285199,0.0885886119439212,0.1305470188680384,0.090832756669767,-0.0219889906444322,0.0935174895425987,-0.1207353165934977,-0.0311903352767363,0.1824867823125868,-0.1933745247771959,0.0544351066395338
2016-06-30 00:00:00+00:00,0.0500387239116129,-0.0464744286950937,0.0381044746053664,-0.0880082113169234,0.1435723463869747,0.1992297496636719,0.2361199569733407,0.09344307483045,0.0007635020269551,0.0131031300712605,0.047920374061507,0.0685975153897286,0.1693460727758131,0.231183211283743,0.1037055683273744,0.2271497434565159,0.1431269791769667,-0.0223208857691676,0.1665132151726183,0.110210127720475,0.1141586783574364,0.1421497033458771,0.1881404951827703,-0.1067486687835265,0.0543397204381337,0.1493015601691723,0.0727793841608364,0.0232438789477262,0.188976303174849,0.1550529898192678,0.1640631112986172,0.0946199665781135,0.0287504437043408,0.1271500657566011,0.0855665163408172,-0.0083327454222833,0.1251476307592254,0.0538385631346602,-0.0511969543775985,0.0227628272171462,0.0151791161831713,0.1321945934544168,0.0062770849077784,0.1154513346411565,-0.1406162031860821,0.146039821741571,0.1362839206917543
2016-09-30 00:00:00+00:00,-0.2807208291826791,-0.0722700303003042,0.1247571045171078,0.0298349738836674,0.0052790675909553,0.0267984634614417,0.0342509410242373,0.1978636027580289,0.0302086356535542,0.0654496690498569,0.0851020739548586,0.104862640067129,-0.0380343187140511,-0.0446476632675462,0.025582844541619,-0.0682595792158614,-0.0577103090726721,0.0803766070371958,-0.0145919384751144,0.03423804946594,-0.0178030160481997,0.0189220521786681,-0.0337938410515646,0.0682644809906178,0.1252970275844951,0.0547894255881478,0.1119564086206796,0.0337193292837543,-0.1174777345676143,-0.0396760108386924,-0.016644797822602,0.1050813107141284,-0.1887239453466904,0.0270542943725728,0.0719485716644015,-0.0782752853177486,0.075303623963737,0.0344316959101707,-0.0040830035718077,0.0583866868203937,0.1118606511411841,0.0361251797030865,0.1140808980602143,0.04041310274782,0.0948855840900102,-0.1250289518833444,0.1309812191337243
2016-12-31 00:00:00+00:00,0.1469219305524494,0.0241216269349058,0.1452328159645233,0.0292006570823144,0.1658667385494106,-0.0565398692843729,0.1415550467497157,0.0916092509887558,0.1684680639345985,0.0626831486772319,0.0694426947434319,0.0454592383230183,0.0397413569192492,0.102735063864221,0.0350172164234789,-0.0623871112494606,0.1357452633544549,0.0945947541614464,-0.0093700996250558,0.0065977242131893,0.1304388244503946,0.1501618529753752,0.0027071471451458,0.1141776070419455,-0.0286103304945671,0.0033647151142675,-0.0261116976121931,0.1450899430936445,0.1264272894183948,0.1383962628715103,0.1463357363720585,0.0938299739391756,-0.0061389312902212,0.0467423868200969,0.0032832857654405,0.0735513658548492,-0.0162760699963158,0.0031447969943732,-0.0425507766800414,0.0980657015854435,0.0851364816889519,0.0633636651546032,0.1210918769836633,0.0147041016033608,0.1854912836015787,0.1579081218505507,-0.0391904571724712
2017-03-31 00:00:00+00:00,0.316618473153446,0.0396893259106676,-0.043848532919738,0.1948592105810422,0.0740783013000796,0.0394382389471625,0.1015543681265449,0.0345339879181896,0.1854917193836069,0.2261789131025973,0.0458114941877594,-0.1111198905960033,0.068730684727241,0.0502153940238845,0.0403511951958133,0.1222900645186839,0.0790752962481402,0.1396980795292639,0.04202344162888,0.0070402453250608,-0.0103082600656194,0.0272696526229732,0.1917250747090542,0.128325399041097,0.0601692996318796,0.0237179285294,0.0959549783778541,0.1111710120579341,0.2567706212890877,0.1259255183256362,0.1489040603965832,-0.089322453307357,0.3289131689832614,0.1560696492617728,0.1540410581465476,0.0172740140371279,0.1347079330490426,0.088680070096375,0.1407324297622803,-0.0525214086253063,0.1554230372028244,0.1268411583995585,0.0593847044016042,0.0614290346253507,0.3848979115502646,0.0365610479881945,0.1177617580255789
2017-06-30 00:00:00+00:00,0.0529171182091456,0.0922474483904478,0.0653717554150701,0.1350544198515029,-0.010154352572041,0.0589146524239658,0.0781881986308348,0.09117009879874,0.3033085598829266,0.0512816459925633,0.0705092794912283,0.1494278151202082,0.0583149284166364,0.0910924373090367,0.0551790611302531,0.1003090147995493,0.0429721563715019,0.0746898792060668,-0.0091104777984727,0.0758868154676528,0.0219143904537097,0.0792251936235253,-0.0638469632715367,0.0786986454593872,0.0679835712253171,0.0781353751723301,0.016150225341982,0.0663848987886881,-0.0254732012618564,0.0268841602679479,0.124693712201741,0.0807379782218187,-0.0536062105361463,0.1266628586012419,0.0774976285020763,0.1163139727108792,0.1043163259744923,0.0159352077336687,-0.0189215996186848,0.1490609533010762,0.0162902955085999,0.0750724972461829,0.0349358666399866,-0.0683326113871735,0.1328332750162475,-0.0700960675828424,0.0354061477451137
2017-09-30 00:00:00+00:00,-0.0197348258214203,0.1421446840519877,0.1236714321476213,0.1328066719109268,0.1689450212316783,-0.0802770665314656,0.0982540190840952,0.0463815745100419,0.1736774416607776,0.1543256592645445,0.0132838410000264,0.016922453135505,0.0154710927076771,0.0647848055628312,0.0252660488699991,-0.1357815181081564,0.1153587508925508,0.0682724189653598,-0.1938042849862684,0.0808894059222475,0.2265865842482615,0.10025369440004,0.0340756589141129,-0.0006490872663451,0.0448164649078519,0.1067704288862012,0.0878344743780312,0.0918001487069273,0.1471080423690747,0.0062978274772838,0.014291962873151,0.0823738796160973,0.0448697082043798,0.0535631503891849,0.123050758094457,0.1295017223039913,0.0260788768164819,0.0966433536111435,-0.0462057733743029,0.0753244814592311,0.0165847010233208,0.1309193794436731,0.0488173827454585,0.0478427873975348,-0.0857628248233085,0.1868778291659254,0.0170467883213261
2017-12-31 00:00:00+00:00,-0.1429851308044868,0.0933268022763715,0.0635786318118001,0.2967260766321771,0.1743499831616519,0.1100045954358936,0.0437901884451323,0.0861364293341711,-0.0274527177502679,0.0237083524448331,0.1342371665999435,-0.2166766665913072,0.0573610473347254,-0.0022771917799698,0.0587821188953103,0.0467171777069563,0.0436146363802534,0.0497937335064295,-0.0081817127067944,0.0721237441139084,0.0854621182855102,0.047511393636928,0.1721773451201669,0.216647038695644,0.1228298365212787,0.0197955535051013,0.1291211344946323,0.0736351862731909,0.1340895527618528,0.0925732327116659,0.097264683213629,0.0397253566426973,0.0560485876257901,0.1147931539833682,0.1380195385791576,0.0681494571196561,0.0490351746685506,-0.0310116351268724,-0.0644319590825442,0.0948902948191543,0.2728905358466007,-0.0109114182371599,0.0535339125966132,0.1001583335134175,0.2295735968662955,-0.1726768374263348,0.079185342548057
2018-03-31 00:00:00+00:00,-0.0218038247269136,0.0899492761661402,0.028086078062897,0.1658101113438075,0.2666508293921206,0.1671895070582867,0.0524634400914774,0.2619392022258842,0.0715609480769705,0.2460529867427892,0.1048506548457992,0.1127222056969912,0.1284887052747212,0.0245655951272123,0.0839662005938737,0.1997186221894069,0.1405438678048842,-0.0355968575099168,0.3016312975619715,0.0829694036076849,0.0754206656150364,0.1057867404688039,0.0674558234757618,0.0741297407907501,0.0295787121077975,0.1131264781969705,0.056351511129971,0.1215680150575362,0.2268198439493824,0.0220369229976424,0.1387158739588512,0.0179624360059196,0.0976262070681197,0.0986905567875835,0.0252135808124271,0.0529694195137813,0.0052953378417568,0.0965101285517704,0.202302749991416,0.0945822419308803,0.1304347093784235,-0.00827682141809,0.1846632639091874,0.0314495088322364,0.2469824680835817,0.0870595755713168,0.0987075851663821
2018-06-30 00:00:00+00:00,-0.226361375289302,0.0280949323111099,0.0040047162083449,0.09160362741868,-0.0794838073972694,0.0328355399454334,-0.0976635718433621,0.1422018573376666,-0.0245055399165199,-0.0353710246329721,-0.0529693305087893,-0.0352866606620696,-0.056631474447453,-0.0067575714272954,-0.0420132386841807,-0.0179509662731001,-0.0722167254069992,0.0961411792808446,0.1794834990542737,-0.0688819442634295,0.061537985612567,-0.070430581592414,-0.0042619542619543,0.1277571475536627,0.0512645996933354,-0.0923708818841875,0.1356410285856106,-0.0918150302735715,0.0540219620413631,-0.1146336674619452,-0.1635884525297175,-0.0377039150407746,0.0331057828711345,-0.1413257983061979,0.0751854441823165,0.0554396229544846,-0.0059065899095691,-0.0311644245418464,-0.1730261720810799,-0.1046415479662845,-0.004394041307829,-0.0582402934031174,-0.0145545027193677,-0.1532319109059816,-0.0402119067340996,-0.0363962099931682,-0.0239473567834922
2018-09-30 00:00:00+00:00,0.0652499236661214,-0.0350404200412326,-0.0397666396302739,0.047501999505275,-0.048049238008037,-0.0668687826834752,-0.1606651682450258,0.1413654823972017,0.1779487376025348,-0.0655886869770661,-0.0526424154869294,0.08438443158135,0.0547883835262779,-0.0267044554071506,0.185712937642603,-0.091238520750206,-0.0356564557131622,-0.1402642490790742,0.1122546799374952,0.0218694280711988,-0.0228696153334614,-0.0881782928750652,0.0632183376527653,-0.0821477244586013,-0.0961108708208787,-0.0741359087591965,-0.102782143933585,0.1517244408583349,0.0542199225349073,-0.0509504158635339,-0.0587926851312027,-0.0663904519696316,0.1436688616545671,-0.0024201307307869,0.0651754829141395,0.0015739437021669,0.0523573509788208,0.0182646149062102,0.1078179583671501,-0.1145941764347655,0.090611916272123,0.0809224344573031,0.0803810481412203,0.0276667017425074,-0.1311524149379332,0.2442648564783531,-0.0151128382367785
2018-12-31 00:00:00+00:00,0.1130310688548155,0.1104183236444285,-0.0841758742016648,0.1431177233005522,0.1241741854344993,0.1481931665812781,0.1278607582453763,-0.0740675417517742,0.1710434078173404,0.0735794391658637,0.2155832075568378,0.0558717281748293,0.1255082983144597,0.1670892785687436,-0.0058603634864036,0.2156900168556621,0.0487168142997522,0.102163991622137,0.1667714431545828,0.1676903330529375,0.1162960223670883,0.0399575035794435,-0.0087107702816875,0.15970943811044,0.1704520402492917,0.0925341697955617,0.0353534640621571,0.2175651432158365,0.0845365552037522,0.1387665995247802,0.1896517753998232,0.0363162702622212,0.0641963627797552,0.1270706609943883,0.1138413131018876,0.089503580016562,0.0570955174202161,0.1331103099506254,0.1524137106541587,0.1169863691237826,0.2273181413246208,0.1610659683135153,0.1545131314114107,0.1177677585465908,0.1237995613331424,0.0499347384045394,0.1071388294727186
2019-03-31 00:00:00+00:00,-0.0877963740552979,-0.1516579742660293,-0.1886860997185547,-0.1490616255121786,-0.164792326344168,-0.1468520016988661,-0.0915558976125144,-0.0940528341721487,-0.1718259311326407,-0.0131835537719078,-0.1870954782820347,-0.2858700988852047,-0.2247865334011166,-0.2154374501291891,-0.0716810290441102,-0.1059170057886149,-0.3177812702558567,-0.2312693937222734,-0.219504085144759,-0.1780282489228767,-0.1698419977397436,-0.1084720763978746,-0.2283267214307741,-0.2064689986682301,-0.2335527849927968,-0.093953529226692,-0.2228902967410608,-0.1853821561409787,-0.2354486919855781,-0.1276579375665996,-0.1828781452036401,-0.1240016595638174,-0.1814098238747751,-0.1931698421747725,-0.0881300778152399,-0.1062844868423374,-0.0082084546759247,-0.2270711603633095,-0.1935560745574976,-0.175961791009009,-0.1622975241456699,-0.1096238372880106,-0.1569744537552845,-0.1655235639971686,-0.3507099991041474,-0.3175346446022539,-0.0111261589670761
2019-06-30 00:00:00+00:00,-0.0633458435670818,0.2467816014176178,0.2477418204823624,0.2152406755541622,0.1168880003738888,0.0700515571842614,0.2260436332829318,0.3041107363085731,0.2421929331189742,0.0985230069786859,0.3539313065603147,0.289241415499204,0.1821915481137765,0.2092653221887539,0.1528748122180849,0.2889542287665951,0.1468453452897251,0.1019659610022389,0.1304618649090225,0.2313670194034329,0.2496767679906373,0.1799950885617469,0.1121640214115211,0.2317817142941312,0.1577157236854123,0.1175977651951394,0.1172583404881095,0.3009048733976069,0.2108322917315295,0.199216871276191,0.1881646347476517,0.209806789278244,0.182837655261614,0.205741845036204,0.1763342335310953,0.3072648704583327,0.1234985073429117,0.2371326864639058,0.086438369883012,0.1613326222332709,0.1672579549573938,0.2101828247754085,0.2469775568225345,0.1874716675643075,0.1182541322161605,0.0555104725220336,0.178509765654085
2019-09-30 00:00:00+00:00,0.1177497543362049,0.0983455273533215,-0.1273309982366554,-0.0843646007796808,-0.0201211030370945,-0.039256231797056,0.0723446177823146,0.2056931626367766,0.0285007990215402,0.0246370260213955,0.0721815074207372,0.1400529170758389,-0.0416024180915181,0.0202738473335115,-0.0137325382745149,-0.0010159917995523,-0.1225470966794618,0.0657881254723034,-0.1367181932804854,0.100331276776195,0.1165534146777962,0.0284927489169122,-0.1155232092803814,0.0950239009270155,0.1956048377786614,-0.1695615319776177,0.1670605254199728,0.0426104880564774,0.0059886238723705,0.0510371900239474,-0.0394426192559607,-0.174168248288751,-0.1385856235720187,-0.0849028590760961,-0.1338442079442684,0.0751351081973523,0.0875959241253094,-0.0084504431971904,0.0443202540180256,0.060912144867216,0.147912170714979,0.1638933240134938,0.0086454260426918,-0.0915401785517076,0.1370755151643354,-0.0159094398907624,0.1133796053467652
2019-12-31 00:00:00+00:00,0.0254090257539119,-0.0344301561784613,0.0024757864754929,0.0584065813375358,-0.0972797375932379,-0.002751929938318,-0.0805388330229293,0.0608242961764085,-0.1445137540964332,0.0067777959266177,-0.0542066100422139,0.0207239533016176,-0.0134254230506303,-0.0201480111840486,-0.0371101213621634,-0.0389497354235981,-0.1274325497686548,-0.0155113565831587,0.075784698541085,-0.0667105941561689,-0.0771281722112331,0.014776871888406,0.19121030558899,0.1474328483923639,0.0689718920196751,-0.084125743475803,0.1587632524092301,-0.1246819880248021,0.1048342741419534,-0.0604197241016664,0.0395975170936548,-0.0134678547868367,-0.0479606977287954,-0.0078807991363866,-0.0726313109088052,-0.0741397436125002,-0.0007322574338782,0.024713152318492,-0.0578537162005367,-0.0487973074000102,0.1497788488185643,-0.0552469390063821,-0.0850677027900984,0.1342566818282968,-0.1096798422421813,-0.0663970238273701,0.0006115515141429
2020-03-31 00:00:00+00:00,0.0548222413734356,0.1367809153768693,0.0255079577232399,-0.1058163776077195,0.2397905115278054,-0.0625540820148474,0.1464150005978333,0.1754055676066244,0.0957169818177545,0.0732803777720227,0.2192929388862299,0.0326756397396827,0.1955571489673835,0.1961328502934565,0.077908717479997,0.201436335316852,0.0996730215453243,0.004218692581263,0.2104949629941834,0.1065756706432077,0.0897798803513518,0.1966194255912654,0.0863884707349944,0.0018029654834648,0.0458785365544998,0.1463467335314607,-0.0292407183127814,0.1304441507200173,0.1612217968958953,0.2158097058030217,0.1990038069482669,0.2702067807767161,0.1871203125813749,0.2744155004522741,-0.0007444706100273,0.0585353851253198,0.0474297614870551,0.1503303236020261,0.0991978962067479,0.2111754433415515,0.1275863632325182,0.1232809658295737,0.175172987911909,0.0163253941863563,0.4104709692859494,0.1856404907308844,-0.0011182529968117
2020-06-30 00:00:00+00:00,-0.6112742706863594,-0.305822988332546,-0.250493530523363,-0.6055513496039191,-0.2550915012728612,-0.1384675109020219,-0.2671398453062787,-0.306910584201196,-0.247984455180717,-0.2399291781703424,-0.3125394837298889,-0.2010390264993761,-0.4062328460769353,-0.2304330962523044,-0.1642627751509437,-0.1720479128079098,-0.2646642535963631,-0.2819618151584728,-0.3106556868679956,-0.2786544182886659,-0.2291670930808514,-0.2387567598547104,-0.2280595177077741,-0.1246218570975874,-0.1470420889675684,-0.2536352043847172,-0.1337936915050092,-0.2854252147875489,-0.0433465134775062,-0.2406462542938083,-0.4442603482149276,-0.4081785926516389,-0.3977969218378298,-0.2977423227518024,0.0578163772163116,-0.1946836781640767,-0.1862828333404015,-0.4005168155685171,-0.3788829608774779,-0.4490268145298491,-0.2248454700231308,-0.2200499228640182,-0.2467579509648325,-0.2183777595177218,-0.4308923250095997,-0.4294203267602724,-0.2222687668045068
2020-09-30 00:00:00+00:00,0.3548387190174382,0.2571203266496891,0.3074334914266901,0.3796481372193629,0.142499434994735,0.1953467742199446,0.3217738642498393,0.3056026414967696,0.2485313253155876,0.1794266317024329,0.2013507654211945,0.5336564485916837,0.3524162493372538,0.1908668612929223,0.1716136971506676,0.414914092091613,0.387132000986744,0.1731094654686362,0.3087502198001439,0.1192082053692307,0.1739685344025638,0.2642713969760033,0.3035263548463873,-0.0335854636159128,0.0711452539691666,0.1789964313903684,0.0080108295419731,0.2319404517067307,0.3775072679309705,0.2407326273814494,0.5645813072249499,0.357336827209751,0.3584885773410824,0.4729269807315468,0.2187769112720996,0.3291920626420797,0.1249970858969968,0.0809394799317084,0.2969413013967676,0.4800825073678336,0.0977229927513727,0.1047356260113197,0.2295142671664045,0.2791239124901559,0.5190661570850277,0.2604420804719718,0.194303837961816
2020-12-31 00:00:00+00:00,0.0338935310536119,0.1420658132401715,0.1626867072525648,-0.0690994133083848,0.1725271061800939,0.286389916592269,0.2186804400490181,0.2675257815642649,0.1301755461393146,0.4012925312373012,0.1257076854057237,-0.0874132900746494,0.0632787065075719,0.1631592206064562,0.1719384724056334,0.046407379769731,0.6264944620607078,-0.0606223919419496,0.1677410895581097,0.1422212838958387,0.1464884058575952,0.11353904418982,0.0664425518556084,0.017663949253692,0.0632456019761715,0.0309165557954986,0.0161318892307169,0.241176055744378,0.0863961596913238,0.1420371347040077,0.1162054062711737,0.2357746638928695,0.0266991857939031,0.0474161109601338,0.2600044896763873,0.0110448083146192,0.147470332860168,-0.0604170894324282,0.0897708340702962,0.2043412605902357,0.0117032036885547,0.3783524309941763,0.1697254974000908,0.4745502209025329,0.2026750056683361,0.0488688744832865,0.079375474875273
2021-03-31 00:00:00+00:00,0.3340558624228547,0.187446370795788,0.0112670637089684,0.2076730637650303,0.2491483873241535,-0.0823858677646006,0.0754322226765764,0.1252564834198357,0.1480446130900157,0.2253871998796945,0.155813607529391,0.1922539697051304,0.2152175821792048,0.1887291819380931,0.0399008636225961,0.0792439394746631,-0.0012709704160572,0.0639316842381996,0.1041437849131272,0.2764232183314332,0.0994603990432203,0.0701519509638299,0.0792245173192347,0.0494212185667184,-0.0888435331114152,0.0917362533560779,-0.0502703687342316,0.106623297035574,0.0441032582432738,0.0144694314360094,0.3306355123401165,0.1390004840690759,0.1699562317417271,0.1279017122650732,0.0695287081623414,0.0676390155691093,0.0106188087048131,0.1995678864379604,0.158543874244935,0.0452185385703955,0.1775467575903737,0.1849990294959,0.0501192857087748,-0.0170063635352502,0.3096662915735599,0.1983898878998735,0.0219399400660196
2021-06-30 00:00:00+00:00,0.411250923944592,0.088624952731483,0.2648996939698265,0.2478295441527118,0.2845366496684687,0.0575498592604035,0.170740886940226,-0.0666390452867321,0.1086773835259027,0.3937842138530996,0.1227191597155932,-0.0263247494802987,0.1658761931082435,0.1810288007153924,0.1782040333005514,0.0791220149457632,0.1227863456458722,0.2480656820860962,0.0363408417730555,0.0471731093937117,0.0893482222976573,0.0953502658403548,0.2618106964913071,0.1345225478245835,0.0847982745107884,0.1304353299241594,0.0985043106075962,0.1663577357995915,0.2790973383349366,0.0898953083949301,0.1924359556731725,0.2149309362273048,0.2758481811309408,0.0735051798797079,-0.0872120286739895,-0.0192571000629739,0.070598463816438,0.1362786923469023,0.3971440008635825,0.1893760447515033,0.1518805038840245,0.1533690198797872,0.0897312432525097,0.0522857588013865,0.4444154798281279,0.0888410055038328,0.13118296192608
2021-09-30 00:00:00+00:00,-0.1159878803622189,0.0425675701908834,0.0664923174620308,-0.052300801056244,-0.0646661883743715,-0.0250600695880791,-0.0555738260419824,0.1936772705832743,-0.0015346125443359,-0.0454593746712095,0.0981190898809292,0.3228588003633992,0.0778361009286601,0.0822890665386064,0.1757359212830895,0.0241284736130011,0.0575594628745403,0.0533252189948612,0.098598775717325,0.0219392271280336,0.03844952155881,0.019765663185967,-0.0151416023132051,0.0788902699066838,0.031720863201913,0.04076316334946,0.145682130812077,-0.0035692240171282,0.059520343785727,-0.0317671378959157,-0.025852845045509,0.0933151258341238,0.1556463426346481,0.0873576584694373,-0.0041615699896656,0.1464360673785294,0.1135205044792246,0.1224011462235628,-0.0311184887578814,0.0321995469455531,0.009271003964953,0.1290823289703448,0.0200431099384335,0.233226983280621,-0.0312319806460391,0.0374883306678186,0.0964385842700232
2021-12-31 00:00:00+00:00,0.0125345996083088,-0.0656121617020107,-0.1439497076153038,-0.0572727483929197,-0.0984594546241011,-0.0781573075622354,-0.0526411384008751,0.0409908836623456,-0.0574786546845168,-0.0312505619068511,0.0422004480908637,0.064270808770448,-0.0133813943007505,0.007785326637149,-0.0873663896039566,-0.0021862049092749,-0.2539468894540722,0.0540814376682023,-0.1014202848256176,-0.0186301518559277,-0.0418923921063761,-0.0736975213861083,0.0010127280801124,0.0081691029255575,-0.0786498522495525,-0.1057876729271387,-0.0140043032053004,-0.0916976440196237,0.1074591882670461,-0.1014275163462061,-0.0467275906033288,0.0747176293811928,0.1613234011066076,0.0370070954819714,0.0316339812420289,-0.0474618509897903,0.0956071487381897,0.0207035787282297,-0.0574008198174195,-0.1494459033458516,0.0372181904763422,-0.0587401301765936,-0.0931801751439631,-0.1321046699328544,0.1145168884699232,0.0841859938928626,0.0653456941207111
2022-03-31 00:00:00+00:00,-0.1307074110674179,0.1513725535130441,0.3650314381502746,-0.0802654840249931,0.0710800215027676,0.2630490863081705,-0.0309208219680311,0.0501679742721514,0.2253529094276141,0.0262318861427279,0.1400575612317325,0.109572393756016,-0.0306088553106049,0.1244412950061752,0.1311223444758373,0.2053248748179623,0.1654297922812544,0.0528996353803654,0.2854448321063241,-0.0368945592460027,0.1006239892720801,0.1828114054481933,0.2118596752496588,-0.0315738425949938,0.0272907582997883,0.0141862271360135,0.0728475799351735,0.2049854974026592,0.2137570512958659,0.1372520296981907,0.0867383823945697,-0.0231463766127869,0.0620334140559408,0.1558633724807709,-0.0522023943047836,0.0625386398616112,0.1253289489262885,1.9698040298887776e-06,0.0253147460530491,0.0678280864213289,0.0118769790629362,0.1186443540064627,0.2340283703784269,0.1821854673890865,-0.076811349872262,0.0429374541130209,0.0899967422293515
2022-06-30 00:00:00+00:00,0.0717588513041298,-0.0630619267692512,-0.2087578235490262,-0.082266939542499,0.0668423882072637,-0.0390735493547063,-0.0782860776307017,-0.1447430900632001,-0.0394821406784692,0.1935179374022191,-0.1080474805581733,-0.1740792242712034,0.0782225136925844,-0.0949892254795312,-0.2352625966178232,-0.0319757984697609,-0.1413561930239405,0.1755488581033253,0.0178884087739767,-0.0468598814612684,-0.1650337474380123,-0.1320453882778024,-0.0988822320659787,0.2018931883398755,0.2672157905962651,-0.1496736851327278,0.1843503536257988,-0.0866353004773443,-0.1951776987392932,-0.0333677838897279,-0.1040253025403329,-0.2244769863700326,0.0420752715484447,-0.159060230801353,0.0394299312570394,0.0054908515510345,-0.0125793618784756,0.158179829621667,-0.0387619307096633,-0.2384665032393752,0.0726642996800268,-0.2018410510117547,0.0543377701772971,-0.0250985328994035,0.0706507167145658,0.0358308445547665,-0.0138733151300476
2022-09-30 00:00:00+00:00,-0.2895600064379187,-0.1690596167847017,-0.1457107300940213,-0.266932269004236,-0.1848524023199933,-0.0053535101265775,-0.0275158533536284,-0.1234086736041465,-0.1711293780493876,-0.2736648117618373,-0.2250286007514382,-0.2016397708455606,-0.1784094407809101,-0.1561363981238248,-0.0184517374505237,-0.1618528063600198,0.0157872895880468,-0.0666847145864644,-0.1054812698024131,-0.1021359328171203,-0.041143728691202,-0.1238756558962675,-0.1171398581780419,-0.0347458953162572,-0.0218598743721823,-0.1329514628272456,0.0734115664040682,-0.1362254031623938,-0.061735054969615,-0.0234507961283093,-0.1129807378944874,-0.1499572800079245,-0.3332001685623968,-0.2976382756735275,0.0084215165002414,-0.158839344262295,0.0019636387056323,-0.0256599563371261,-0.0203758614441421,-0.2332490859809902,-0.1995993787616953,-0.1474409998210953,-0.1670561943111784,-0.0970893570302764,-0.3097175558638495,-0.127795362228686,-0.0220209351419746
2022-12-31 00:00:00+00:00,-0.0306047699191696,0.0564708530428699,-0.0921782857019734,-0.0986126548002226,-0.0329090418076821,-0.0280428404072258,0.0871608678944717,-0.0047199478234445,-0.0625747499653253,0.1443745000536196,-0.0150494732395187,-0.0689014432845755,-0.0544171093834127,0.0877083471777231,-0.0683540265972408,-0.0410913522403246,-0.3189448242012292,-0.0148754089140047,0.1021428830997612,-0.0068864707283171,0.1203883193344697,0.029353896147267,0.0157864026810166,-0.1018240715343791,-0.0718065821200339,-0.1097991482376948,0.0021491335490637,-0.0467002838370923,0.0044019004205171,0.0470881955785089,0.0174766138934681,-0.0963743532061549,0.0265709818649408,0.1405749051749492,0.0135398857367932,-0.0695309971606155,0.050838044935987,-0.1383836914508956,0.0504282225507812,-0.256615664869095,-0.0843716207025948,0.1543693347302164,-0.0644502304332048,-0.1117806727694854,0.1524391682900405,0.0187047728592486,0.0646320671312545
2023-03-31 00:00:00+00:00,0.0563768481233382,0.1972600332813014,0.1705028515501303,0.5500991246261113,0.4044173194258864,-0.0798940457119355,0.1573237983436886,0.1210213995294338,0.1297490973297723,0.2366716116654812,0.12883150111645,0.1463263488785715,0.279597339151389,0.1507503877331262,0.1616219414179569,0.0068237110129878,0.1782902391562772,0.1335853583952713,0.1000998303455147,0.2445065905081291,0.1223324792510602,0.1855426118128826,0.0677827232348162,-0.0433228034317365,0.2020507074185042,0.0943652517584643,0.1161506485930152,0.1488479718887998,0.07997381375178,0.1742980224798964,0.1619274510999031,0.08676824351373,-0.0386751624658935,0.1639905595584609,0.0362770302748383,0.1690579159835208,-0.0727279218296714,0.2200830143719536,0.1160443004368068,-0.0262599478041332,0.1529631242133009,0.1403175585872274,0.0429385999770752,0.0847977535332862,0.2666808499380737,0.1821503848125978,-0.0451214088919194
2023-06-30 00:00:00+00:00,-0.0016603343234716,0.0283706313424987,0.1743704273772102,0.1023593841162557,-0.0331284554865003,0.0811823215430618,-0.003701051792706,0.2281159206200342,-0.0298845315847597,-0.0188590178821852,0.118190090587253,0.0216994785765407,-0.0868270518502071,0.0864120767665033,0.0318155405788325,0.1435719320546389,0.2980951807202032,-0.0603301421202492,0.2320830812438745,-0.0933095678522212,0.0014186105155522,0.1153066948966401,0.0068897827908156,-0.0332634608953685,0.0254512138656897,-0.134853063462188,-0.1284945692798992,-0.152526948394965,0.1843441852784508,0.1169007752017012,0.1669058552771738,0.2248323790370916,0.0884330031078339,0.1187219690236165,0.0283855499326142,0.0161620350197055,0.0617932732653565,0.0032081166545319,0.0823737750742499,0.0523041198252449,0.1118347395086256,0.0752934174043282,-0.0322478857084738,0.1149374286437596,0.0942855597354723,0.0125827688165249,0.0484547565104191
2023-09-30 00:00:00+00:00,0.2637205615082092,0.1166567309449646,0.0558181215927502,-0.0207530583284729,0.0817964170026959,-0.008964842771478,0.0485299231690541,0.1956809219154549,0.1545407780164127,-0.0174755951114492,-0.0188396245968944,0.1350682369459466,0.0469488393804249,0.1824768301300829,0.1302059533157378,0.0922267724901433,0.0878519162774869,-0.0659765898388523,0.1486843975669638,0.0833657601991262,-0.0686809328216624,0.0321302390319473,0.054346735024646,0.0004010133068774,-0.0429929966162312,-0.0180988321545221,-0.0192780645194853,0.1036136814932786,0.1021208716286754,0.1490719609013788,0.1580870596649584,0.1654138449579822,-0.0445502262418106,0.1360281540160401,0.1335765106890794,0.0847280465472726,0.1158193761530419,-0.0157604809184305,0.1704343765377538,0.1766378833583823,-0.0788616989152798,0.0456319352640213,0.040027936497887,-0.0422482782727235,0.1581109198520878,0.0862507186033578,0.0504923191123494
2023-12-31 00:00:00+00:00,-0.3075765598429484,-0.081752330335906,-0.0835977949085018,-0.1094727694781967,0.1040536924641915,-0.0975113927473304,-0.0854304577739752,-0.0333518242241602,-0.1074652808389836,-0.0770574498541043,-0.0610258481293988,-0.2176144234979652,0.0602804010037343,0.0520666458019316,-0.057194566357907,-0.0551348194822669,0.0762288640005663,0.0395120534882056,-0.1100507221531955,-0.11853416354669,-0.0255332554059568,-0.0774235507873561,0.0295761149519349,-0.1268067034356897,-0.1124943266638409,-0.0946287111747909,-0.0305968606910663,-0.1583818701698338,0.0970190312508736,0.0166173934006841,-0.0110823924340868,-0.0031027325107448,-0.0403456449183947,-0.1347496433276882,-0.1318981558027421,0.0150481749783655,-0.0641820197942298,-0.2698666957088214,-0.1170159312141935,-0.1197020664136795,-0.0199050144591381,0.0398751315127896,-0.0111780276123466,-0.1484714520547175,-0.0221241681000703,-0.0361468070252547,-0.1138172428333392
