Date,AAPL,ADBE,ADSK,AKAM,ANSS,APH,CTSH,FFIV,GLW,INTU,IT,JKHY,JNPR,LRCX,MCHP,MSFT,NTAP,NVDA,SNPS,SWKS,TYL,VRSN
2000-03-31 00:00:00+00:00,0.0861128524746235,-0.0146554244782969,0.1313559094945606,0.4761631246410109,0.1721854304635761,-0.0110297871513344,0.658747925427098,0.0031479538300105,0.2655849731460236,0.1799267145034551,0.4148936170212767,0.2951806789933133,0.2629648476214106,0.3239784063506523,0.0121046830403575,0.2508387724524661,0.3600002313793455,0.2869456638912162,-0.0854402789886661,0.0403724400058038,0.4920634920634921,1.077868849239548
2000-06-30 00:00:00+00:00,0.1909543199768983,0.610499711987474,0.3208878927409879,-0.6295719844357976,-0.0790960451977401,0.4972125757431864,0.1249999340963743,-0.5115062761506276,0.4866946904568408,-0.1815351641742284,-0.037593984962406,0.3091233586845856,1.0319772998993968,0.0678623654928241,0.23505069682933,-0.2203752144819758,0.5970587985100231,0.6635564074815481,-0.3050524308865586,0.4706469655065648,0.0851063829787233,-0.3865877632803898
2000-09-30 00:00:00+00:00,-0.2001874174052337,0.2116112519387962,-0.1807053577888638,0.0627626050420169,0.1165644171779141,0.3457482027242888,-0.374999970709498,-0.0942184154175589,0.512982767307893,-0.182510024271737,-0.234375,0.3914183042179662,0.2446349619433736,-0.02029981058307,0.078211584276729,-0.1196693841957949,0.2200740755865118,0.5698222564178672,-0.1975308641975308,-0.055480243171565,-0.5588235294117647,0.5723471353441412
2000-12-31 00:00:00+00:00,-0.5451344598005532,0.2748975236052471,-0.3043963683701614,-0.6293550778354337,0.0549450549450549,-0.1632845497193843,0.1537034252920708,-0.4278959810874704,0.078285332582435,0.3410863239036938,-0.0255102040816326,-0.0950019835664556,0.4215518331574133,-0.4194651315657014,-0.0751294082341083,-0.2609380058127332,0.4754711638478439,0.3077684763549888,0.0119658119658119,-0.2636102653218748,-0.4666666666666667,0.0463531322282075
2001-03-31 00:00:00+00:00,-0.3865985964178525,-0.4264442437114182,0.0301300968318507,-0.5786666666666667,-0.0208333333333333,-0.3241452238928681,-0.1492774953431872,-0.6611570247933884,-0.5174123054422449,-0.3294800061875237,-0.4424083769633508,0.3794961255606532,-0.5024257413562778,-0.3681321605601392,-0.413445413508117,-0.2663847752474088,-0.5790281345478282,-0.625487482192888,0.1942567567567568,0.0019455701680277,0.1666666666666667,-0.6778501582296115
2001-06-30 00:00:00+00:00,0.4514299592465136,-0.2721931979237211,0.019412932766702,-0.6234177215189873,0.074468085106383,-0.1908648737468072,-0.0018868511931626,-0.4786585365853658,-0.5790153310070256,-0.3137930390243821,0.0065727412980487,-0.3146740440256416,-0.6505544711211386,0.508731307900266,0.0945559570709113,0.2867434571731382,-0.7035237502926115,1.0772413757172656,0.0410183875530409,-0.5300970034593802,-0.1085714612688336,-0.4216380242995107
2001-09-30 00:00:00+00:00,0.1069938735891349,0.3812783806074482,0.416580195768665,0.1697478735146402,0.2744554576307241,0.2903231054361401,0.2669945317756343,2.3235088147615133,-0.1530986295354759,0.5610050048283739,0.5000000711697272,0.4978094168379299,-0.1138393869314832,0.3528215996960573,0.3097380333690489,0.2649493445092143,-0.1252456195531233,0.4253632600206494,0.0108695652173913,0.9173548365960228,0.5576924076212031,0.692307750304884
2001-12-31 00:00:00+00:00,-0.3497910299363477,-0.4868568195876916,-0.1589799829101769,-0.6954022812109384,0.0441267295052487,-0.1442497399036306,-0.5039391140031133,-0.5912162085969228,-0.4851192313690313,-0.0628379993946229,-0.1542288717729393,-0.2926844602302187,-0.7074937077207384,-0.4498979719547609,-0.1771663173129932,-0.2664303150288024,-0.5097451432374202,-0.4327613614708144,-0.1649461971816196,-0.3989654431585117,0.1440328786079574,-0.3016529232454453
2002-03-31 00:00:00+00:00,0.4993547482926981,0.3227923944041866,0.2025644888261952,1.215094216721221,0.4333333938840864,0.402277743234058,0.8460058886275748,1.9325069207065808,0.0612717061409915,0.1415225488186695,0.3588235518511604,0.00302287723941,1.237889876399835,0.4987613864324447,0.5507182660107675,0.2944587906728717,2.6360855271239743,1.6770066022871353,0.5158382136175352,0.2673549823445882,0.6834531929865486,-0.0991715545733666
2002-06-30 00:00:00+00:00,0.049787009758144,0.2761846812728683,0.2535664632830368,-0.3083475260761694,0.1171096222491268,-0.0302081813364027,0.0920233717009384,0.0765617233758688,-0.1525053684818164,-0.0727011230055947,0.1255411069541188,-0.0033746287891202,-0.3636361923963819,0.234808030667337,0.0674187611380912,-0.0993444141855334,-0.1164849207764443,-0.351708922938438,-0.0832484110612998,-0.3078317074513431,0.1645299164893046,-0.2905937937130723
2002-09-30 00:00:00+00:00,-0.3025348076929602,-0.3349919903809115,-0.4745215592773357,-0.6551724148055826,-0.3312267648239811,-0.2534909155267976,0.2353780428027356,-0.6082024645573931,-0.556555382336001,0.2365006075225975,-0.2630769289456881,-0.282070589362256,-0.5699169737208941,-0.4355542536531693,-0.0945056346931649,-0.1278566351520651,-0.4464538492662778,-0.6071514146202825,-0.0168643414168249,-0.6141266394810122,-0.0899082180306046,-0.7437037000370953
2002-12-31 00:00:00+00:00,-0.1494733171692926,-0.2802640065554868,0.0516816401001125,-0.3928571154876626,-0.113952207716312,-0.0848919659899661,0.0674397241121644,-0.1146993079595064,-0.5362316592226819,-0.0044089130761696,-0.1649269244560522,-0.1909685799009649,-0.0720562834293894,-0.4691575896706013,-0.1765850589311879,-0.1221038789450799,-0.3078244979286791,-0.4737422111040346,-0.2863336257335382,-0.1457629433461573,-0.1249999759658692,-0.2485549733351002
2003-03-31 00:00:00+00:00,0.0199882811654057,0.3182286023728569,0.1439454937272581,1.211764638234177,0.2703889920374176,0.2663522662417301,0.3079290629918076,0.5194968822046648,1.343748892548042,-0.0025310910836642,0.1749999523162841,0.0046125154602914,0.3939393588218176,0.3016758545294562,0.1941026279676376,0.1620155497810123,0.3291923596501529,0.3647341648153503,0.2393026257933179,0.8353168014942449,-0.0645161751069037,0.6307692075099398
2003-06-30 00:00:00+00:00,-0.0432454198323185,0.1967396313062666,0.0650685082880946,-0.2500000158522991,0.1866667005750868,0.0144025320058065,-0.0874740187366328,0.0223510314129899,0.5626666425493647,-0.2173359105094356,-0.2329786882188954,-0.1517356547202403,0.1086961184643058,-0.011158980545047,-0.1984262663121851,-0.0905327540628895,0.0532713873405064,0.0771765852193697,-0.0807757299389355,-0.3405403479391774,-0.1009851855149084,0.0176887571787465
2003-09-30 00:00:00+00:00,0.3481656335320142,0.0726332873774453,0.04059289956574,2.1702126922049043,0.3162712549710718,0.1566710394764037,0.1407553233498084,0.3425100738120732,0.2730378266068911,0.2152888507049397,0.1109570300280426,0.6658599775517571,0.5477939210836424,0.6076387864351074,0.2410958116777237,0.0739221809597201,0.4791478843134018,0.7986425805085617,0.4477161391231468,0.1196720095854686,0.2547944668601449,0.6488991134019746
2003-12-31 00:00:00+00:00,0.0890515426926032,0.2130551536869411,0.071954715096091,-0.044742688736583,0.1435345914839625,0.104550564620178,0.4830478725645992,0.1917973654890687,0.2533520941495955,0.0940208227796182,0.4444443650708041,0.0074372854679298,0.2011083175363073,0.2392008832453076,-0.0198096453855013,0.0906311035185036,0.2603472585981037,-0.3249457606667963,-0.0163356899455049,0.3923865717974333,0.5676855781536114,-0.0463809147378643
2004-03-31 00:00:00+00:00,0.0235689208276927,-0.0175882091307926,0.4220135221311116,1.5245901126753925,0.0987006826167495,0.1956309550159272,0.2657337976804652,0.3183197841761687,0.0983950713936374,0.0621702497391085,-0.0103716412034793,0.1506521397130598,0.2972974935237424,0.3816995821295177,0.3700997746912662,-0.0321181354219767,-0.0133263411781379,0.4335341894837341,0.0963855152300954,-0.0536274988067202,0.3607243302712373,0.2041268025742548
2004-06-30 00:00:00+00:00,0.2739656297912662,0.0308500907824094,0.3073686492690581,0.2291280452887381,0.0072973600548993,-0.0352561382621416,-0.0186993569911383,0.3397313838008766,0.122687258538505,-0.1210791212128467,0.0759825240219735,-0.0575814700085833,0.335365748249433,-0.1888994102211639,-0.1944687551288159,-0.0863387580772431,0.0680174309854944,0.1234835206320599,-0.1309770769197999,0.2855552730407438,0.0051176289373471,0.0030599086804314
2004-09-30 00:00:00+00:00,0.1914433732659688,0.1398619787719297,0.3243804315197278,0.3343396456736438,0.1508868623461257,0.0790696209872447,0.0740582968672323,-0.2733524498115933,0.0910667037534838,-0.1754077077979763,0.0673701253462488,0.0269513991257146,-0.0996957321474306,-0.0174961318912458,0.1331102448891696,0.1415472113077511,-0.0578138460664426,-0.2468172080395535,-0.0393027891160143,-0.2817632269525665,-0.0478614386925299,0.1738864982746601
2004-12-31 00:00:00+00:00,0.1972137844041384,0.0893943167845594,0.1790066783949875,-0.1798642675500884,0.1065769455163188,0.0723523355206181,0.2161287132324836,0.2472396845233404,-0.0834657527722149,0.2330428915677915,-0.0927756158741887,-0.0316064735626853,0.0109892713115167,-0.1048672586790778,-0.0804898088445884,-0.0103622636845572,0.1634706641055718,-0.22580635661371,-0.4108858375533393,0.2021661871813684,-0.038502737504164,0.0904366537849701
2005-03-31 00:00:00+00:00,0.6366693279558324,0.2343053014276221,0.5007894569110325,-0.1158620900121228,0.2652020513762954,0.0453625984010921,0.3869368596422702,0.4875118711802146,0.0156115154689469,-0.0817640351021252,0.0352053701215522,0.0890763157977203,0.12123720572437,0.2285587110151901,-0.0731089519719562,0.0549672389546118,0.3473425280645434,0.5595234725739868,0.1721014778612217,-0.1001004659933818,-0.088987787664355,0.5519543825727038
2005-06-30 00:00:00+00:00,0.2921457977357435,0.0823974853311912,-0.1951501540941401,-0.0241809261561478,0.0942635942799177,0.022183977370872,0.0987323216388615,0.0686503633286375,-0.048676289458001,0.0046621197177589,-0.2267206562143965,-0.1378978841640508,-0.1972409436608934,0.0241091668474626,-0.0248608534084442,-0.0951972823197939,-0.1666669865730676,-0.0021219028779843,-0.0674909570448575,-0.3047828284462801,-0.0903540670369035,-0.1425062211535224
2005-09-30 00:00:00+00:00,-0.1073612829848568,-0.1476932338952183,0.1245433385581129,0.0519584018095875,0.0005667457422726,0.0973029890740901,0.0276328624245876,-0.0863166320197866,0.5161576760853708,0.0438514913451371,0.1099476617553938,0.0254311956426747,0.1560613355144953,0.020379836840648,0.1878769152726056,0.0277101654467346,0.0341284878704497,0.1406749045255193,-0.0801105377005363,0.1967999954903134,0.012080557703634,0.0218482320480748
2005-12-31 00:00:00+00:00,0.4915076788464079,0.0755711620693866,0.3803898652080237,0.2667173457127412,0.0911922197896459,-0.0115573245447858,-0.030700693312329,-0.0359163639639804,0.149792884184986,-0.0071126759959523,0.1216981052291399,0.0568990583162138,-0.0755320849919964,0.067837202334088,0.0074172161630068,0.035032107469922,-0.15720369331123,0.3122184409624311,0.1411411672859344,-0.0588235517559327,0.0941644617691064,-0.2288819261335762
2006-03-31 00:00:00+00:00,0.3730707919137273,0.258823528678451,-0.0853658865037011,0.2477503984321982,0.0275110668796745,0.10478785172529,0.1068149768590476,0.3951230444401457,0.0324411400103561,0.2106558183251441,0.0941967916921093,0.0013438787147888,-0.079096092072276,0.18316683543688,0.075279837168031,0.0556348363066545,0.1751576752594217,0.085179590847539,0.0768420570775081,-0.2599429822008864,0.079999981504498,-0.0200000122519065
2006-06-30 00:00:00+00:00,-0.1618729428048456,-0.0732087139489078,-0.1286549707602339,0.5956730694284098,0.3468047357746433,0.1664261671295333,0.1758437475729981,0.1189512601588924,0.3730670000460938,-0.0105398835957808,0.0568793050038065,0.2077654317299149,-0.1094856521241454,0.1798854466623956,0.1593116946256976,0.0303053739556251,0.2923683783006285,0.5149131569418894,0.079667699953724,0.3819572049228703,0.2109988941230969,0.1020407759290873
2006-09-30 00:00:00+00:00,-0.0750198228635975,-0.1417367301163717,-0.0620134596856648,0.1051522091856396,-0.0967741912405335,0.0968796868529295,0.1488753968907397,-0.2170957253982921,-0.1104246883071046,0.1250233907335527,0.0458181901411576,-0.1443760091116532,-0.1425543346968687,0.0917071488759875,-0.0849675938966172,-0.1367052180029755,-0.0263374272487283,-0.2538858767170928,-0.1299230791945997,-0.2388888397802613,0.0092678759799136,-0.0307238315192601
2006-12-31 00:00:00+00:00,0.2918027477934923,0.2075718256215193,-0.0406410482185832,0.3585060364359744,-0.1017442180524053,0.1008719879666102,0.0610666994316371,0.0012931774144273,-0.0220503625475161,0.0631229789420131,0.2169680014415205,0.0946506281802597,0.0364647757167528,-0.0577655511309793,-0.0449298162262175,0.1586811688913907,0.0492594546837366,0.3351860939960644,0.0145681944146041,-0.0766422029289082,0.1524334063432739,-0.1037777420157125
2007-03-31 00:00:00+00:00,0.1194235580503304,0.0789188694309543,0.2100238907931395,0.0449527951326209,0.0214979274447373,0.0199597065560872,0.0706315795097582,0.3601476048522667,-0.2129434285823526,-0.0784373465005371,0.1611428397042411,-0.0132339769657733,0.1466903725740826,0.1107115968974141,0.0469476583476327,0.0951058135486251,0.0841249301401978,0.2510389064209828,0.3584615267240083,0.4347823059638669,0.150597558639381,0.1661822790529727
2007-06-30 00:00:00+00:00,0.1175414660541387,0.0433367594259912,-0.0569526946518341,-0.0489725226042976,0.1439239829825995,0.030751841055195,0.1040385862317467,-0.1197775594796778,0.2053052150150547,-0.080366292896378,0.1958661221461577,0.1261326965022837,0.0447220899238902,-0.0398301784077841,0.0761052332622893,-0.0677768347604286,-0.1011265202329458,-0.2031588274811431,-0.009060014088027,-0.2134986861992609,-0.121883609858166,0.0452845186589943
2007-09-30 00:00:00+00:00,0.2948210113959393,-0.0357743487125923,0.2363398932164011,-0.0266558901983465,0.0429278341522041,0.0969892670339234,-0.1126387450328096,0.2451842165473561,0.1338023009266775,0.0918141885775298,0.0111111302979749,0.1054125875941602,0.2837232007936459,0.088018376263248,0.063374921292014,0.0755711867804596,-0.1949314566067094,0.4966949510293417,0.0239999680292037,0.3327500156743399,-0.0268138915145852,0.282193956464583
2007-12-31 00:00:00+00:00,0.2892957154242446,0.0956175340432761,0.053499655959325,-0.4035269803957012,0.3433231801029099,0.1190242493134849,0.0819114525192556,-0.0547030399925669,-0.0239735026243167,0.0520094944233326,0.0284900598955608,-0.0009464218280504,0.4145014577608099,0.0915427509739954,-0.0065073511825999,0.0045172444282575,-0.0760985311580714,0.3166391003035018,0.0219494111238307,0.1826545464429363,0.1012965951817963,0.0530068528074119
2008-03-31 00:00:00+00:00,0.2462585944853108,-0.0520454753528941,-0.0317141313937335,0.1547826352326766,0.1400734003345427,0.0976756693211691,-0.2179081638344959,-0.2927467609283489,-0.0663764443902381,-0.0006422078188355,-0.321725402486784,-0.0922666048383771,-0.1200657592376727,-0.2441488497774975,-0.1670129626413881,0.1869818612811149,-0.0782478891609648,-0.1260257850311369,-0.0826355517712548,-0.0722226561318598,-0.0824135300208811,0.0942006891952786
2008-06-30 00:00:00+00:00,-0.2325501627692338,-0.1069287744514234,-0.319444430166568,-0.0713855658063413,-0.0755511349456988,-0.1204472182535654,-0.0639155313385374,-0.2932247319207749,0.0698281688551889,-0.0931575304260228,0.1651108532369731,0.083526245521379,-0.1968846980049687,-0.0616938166789822,0.1311482378514901,-0.1591532624608305,-0.1510967879174209,-0.3638294963587999,-0.0789683181832837,-0.0742513213677231,0.1387329194218638,-0.0747914878064655
2008-09-30 00:00:00+00:00,0.1681941472008454,0.0840268743118184,0.0551324233214518,0.1508271044449389,0.2057877912105368,0.1828253275036397,0.0586673539341624,0.572551085270373,-0.0925401290120149,-0.0116896721313217,0.0040060053308341,-0.1422479771673456,-0.1563229495515222,-0.0532501189864839,-0.0990852205065037,-0.0857995003398198,0.0564597950127176,-0.1071426758806799,0.0267126610809811,0.2160413561653522,-0.0239436730390693,0.121837823108422
2008-12-31 00:00:00+00:00,-0.3753146816942732,-0.0559683525619073,-0.0612008940311439,-0.5174746037171365,-0.1864444308810764,-0.1511833190189904,-0.3077643639379289,-0.2281812217527199,-0.3213883315943761,0.0913974562876254,0.0498753136185459,-0.0758706187696379,-0.0809196504329077,-0.1935565133773912,-0.0436341636495206,-0.010584244370674,-0.1988226324730346,-0.4447999146511031,-0.1661770498174972,-0.1202128206865837,0.0808080745528379,-0.3429238197031335
2009-03-31 00:00:00+00:00,-0.1683471064022367,-0.3961174946804886,-0.3640836404035555,-0.0806075350739894,-0.2149686071572514,-0.3460424544868876,-0.1352331887424157,0.0021579299480323,-0.3395320901279153,-0.1986861979698218,-0.1225653214829441,-0.0328470281539161,-0.0800395208522144,-0.2783237724462845,-0.3099389428687918,-0.2270492512145571,-0.1650647408785958,-0.1633042455611539,-0.0473075236213167,-0.3240628655749307,-0.1995994567748694,-0.1865877097201592
2009-06-30 00:00:00+00:00,0.1976859757829123,-0.0460469744662199,-0.1726305436238664,0.2630241073602211,-0.1179540506835761,0.1557546015280402,0.111401846934152,-0.0745047197844384,0.4147552956746796,0.1200818251624407,-0.4055224715521573,-0.1057583446098668,-0.1419249790829978,0.0630672780223775,0.1227991595433692,-0.0436597360629082,0.0426537770890886,0.160734628777313,0.1119914895777958,0.5116279708072471,0.2276897871580234,-0.0761397116934071
2009-09-30 00:00:00+00:00,0.3141042308626904,0.3051002296114324,0.0905902502494826,0.018108683377715,0.2331360851470514,0.0997120936058135,0.2804704361248069,0.6151698210402834,0.10483849201056,0.0398830288745999,0.4398908086289985,0.2052362884377534,0.5468941930079219,0.1246265043603789,0.0717349686811383,0.2528570307696516,0.2850651328153835,0.1216613704739215,-0.0660332275547644,0.1881655415179279,0.0529891113329872,-0.0283464734045469
2009-12-31 00:00:00+00:00,0.2662610859468051,0.1228192769192046,0.2245445106281023,-0.0785573206802487,0.1836212325364874,0.1141910317006933,0.3693489610661986,0.1106309494057491,-0.038081750429287,-0.0211119563984565,0.1163819829271188,0.1090125209942465,0.0753791729631125,0.2470589941272631,0.1233714515685118,0.0407614114242522,0.3158157878144452,0.231040631487807,0.1169887718673254,0.2101595523040387,0.0896773799773185,0.2398703645478321
2010-03-31 00:00:00+00:00,0.1832907143691355,0.1525792355764021,0.1234135513236622,0.3898123649579244,0.2064864699904982,0.2754853569938831,0.2560390531132392,0.4002594192101034,0.3132682037182219,0.107476880309794,0.0594901511106442,0.0379780428387386,0.0354283714151022,0.213633617942778,0.1709796948486308,0.2494691598240801,0.3129801307646784,0.3244988809397759,0.0218579904187863,0.2197531342292056,0.2018946104581882,0.0779955906305891
2010-06-30 00:00:00+00:00,0.1026123591625018,-0.0363979096405288,0.1359563599822952,0.2118055461018011,-0.0362902991495207,-0.0769612187740258,0.0856840089886701,0.1511670973807135,0.0449584540269385,0.1200903169447502,0.198395664872127,0.0252607128236828,0.1203094724961213,-0.0594284231073081,-0.0147348781946803,-0.0534293048356563,0.0020476399196747,-0.0686859093885507,0.0049019028692081,0.0452093221431459,-0.068965501041713,0.0654810440410738
2010-09-30 00:00:00+00:00,0.0530149048766879,-0.2540571182044837,-0.1574074134638667,0.2846226892753569,-0.0678754521750735,-0.0671269103083094,-0.0094471627133383,0.1200514830664027,-0.2052123458016937,0.0017390421927954,0.0477465284297082,-0.0284157238348253,-0.2446635087729733,0.0135962982434463,-0.0037165786367238,-0.202177513121937,0.1123758445880338,-0.3972125715634882,-0.0847006612875204,0.0774694353772407,-0.1724867376193645,-0.0026555402789748
2010-12-31 00:00:00+00:00,0.1369925665700662,-0.0146286343541106,0.2975172794764937,0.2225527557998055,0.0411471717871447,0.2414885572130642,0.3073716366388777,0.4840517698277391,0.1322915330881111,0.2991033026783871,0.2793867760299886,0.0929409915255798,0.3173911710972363,0.1096791405078754,0.137716671474299,0.0582928653233354,0.2763052601989144,0.0934490047495262,0.2063953660298241,0.2372674564970338,0.3075447771118658,0.2061619912201506
2011-03-31 00:00:00+00:00,0.1665373388144615,0.1910925150471434,0.2318068221937608,-0.0216907251126005,0.259161669337107,0.0889730263758052,0.1452887237168352,0.3005131246045054,0.0555336086474029,0.1095521457543049,0.116178354108025,0.1614135934274114,0.2290431984480403,0.1834555813033882,0.1297971851192205,0.1547132781355411,0.1803041388062365,0.3938327809355544,0.0839357503858169,0.4314772401678892,0.0132028626084133,0.1465491624698605
2011-06-30 00:00:00+00:00,0.0454829408868853,0.0917225582585572,0.1161192085596094,-0.2208868673469411,0.0213049065700305,-0.0184612363847637,0.0935507919628364,-0.3035063181472811,0.0764014114879989,0.0826810854109654,0.2555920073613533,0.1400968007972549,0.1079483655512441,0.1277791156105137,0.0899682634415155,-0.0839668005127224,-0.1604248674191636,0.1504425913014528,0.0292701342062522,0.0639379675767568,0.1602317428665665,0.0918886932965381
2011-09-30 00:00:00+00:00,-0.0037722561276104,-0.0769906080946849,-0.1170431406297705,-0.1624999720999523,0.0344571118669772,0.0470527238593267,-0.0923433521311185,0.2094913062737176,-0.0981333873348337,-0.0316955242735609,-0.0370545751813431,-0.0953063652372344,-0.2251575931776002,-0.1960574490924361,0.0200956296157144,0.0278865800852414,0.126970893407784,-0.1126373626373626,-0.0665946845119793,-0.2546903855516148,0.1247920085586316,0.0050580858873101
2011-12-31 00:00:00+00:00,0.0913004279743545,-0.2622898914577702,-0.3423772542322192,-0.4077484993939064,-0.1624054790975335,-0.2742635225651638,-0.179812716925195,-0.3776069456883674,-0.3569857379665569,-0.1225117331175458,-0.1894425291498758,-0.0906191574714879,-0.4657490928469787,-0.1901921559170429,-0.1979124810000455,-0.051313695783284,-0.3807069482869275,-0.2687307789257349,-0.0948708431495952,-0.2764505948516494,-0.100961588652066,-0.1877213816364668
2012-03-31 00:00:00+00:00,0.097784829733645,0.2282888827898195,0.2106089800519068,0.7656836985914564,0.233662915411057,0.1551590483092428,0.0712307718221276,0.5041885841596525,0.1030895262516833,0.1480869416172918,0.0559951344616911,0.2314951407883627,0.2318499288267625,0.0024550892935095,0.1864306248467169,0.0995347045108054,0.0933414075388041,0.1888233067066982,0.1499787200999525,-0.0082542693162011,0.2480461052701119,0.3015988044694611
2012-06-30 00:00:00+00:00,0.5043399515836058,0.2145607677141752,0.3742291751543476,0.1153962709336289,0.1456699895323483,0.336891010176239,0.1717896341447762,0.2899754626463584,0.0717966797335314,0.1588556301721044,0.2417867206103692,0.0187680780791015,0.0803231748968398,0.2019047098224005,0.0536436542769247,0.2141418937383237,0.2248503624707452,0.0918798368607498,0.1459800136150348,0.6474429185671062,0.2900461170996382,0.0817978874968876
2012-09-30 00:00:00+00:00,-0.0422060008924514,-0.0723343539205687,-0.1849315494292955,-0.1413013528829733,-0.0392395715749762,-0.1065568026825211,-0.2288016046271379,-0.2828186776684178,-0.0657955473018121,-0.0130131544222269,0.0447899813957153,0.0215925838803376,-0.3026836093858167,-0.148064307347978,-0.111031426217026,-0.047366744170751,-0.3129856152555109,-0.1226350832318434,-0.0472033940322003,-0.0169613345685831,0.043689297678551,0.1194838985320061
2012-12-31 00:00:00+00:00,0.1176350042863925,0.0133581958223196,-0.0327440541401847,0.2114774247093198,0.1413645807190449,0.0581084049335975,0.1996973444417829,0.0681563122087356,0.0204955218293796,-0.0032017056014538,0.0173256057611248,0.0859380494564017,0.0580441725626086,-0.1610419336085429,0.0126910831988451,-0.0286204315658766,0.0642973386064864,-0.0245351444076865,0.0984051471360611,-0.1560205954365541,0.0859241681111466,0.1247118421900759
2013-03-31 00:00:00+00:00,-0.163563876520724,0.1753525876149568,0.1066506124828821,0.1033761020042685,-0.0284326694278514,0.1804779850416746,0.06863135686281,-0.0341962149925287,-0.0095833984209028,0.0468980320153094,0.0353711563072229,0.0819126681802626,0.2254022264132107,0.2267977820734368,0.0382800717304729,-0.0557153088607278,0.0412868398536183,-0.0242331982432343,-0.0027803569835537,-0.0582862158688608,0.1271415534726643,-0.1832343159182254
2013-06-30 00:00:00+00:00,-0.2142328274722538,0.1314554224170276,0.0809421166655084,-0.1722010993313331,0.1349035908144054,0.081456264183426,0.0078801546427444,-0.1305508542039389,0.0441563966928084,0.05372316596797,0.1488823628406319,0.1255172912481519,-0.0978101233484216,0.0534468232968416,0.0849961473307339,0.044419713682912,-0.0069969631663234,-0.0183855981393372,0.0982032869739664,-0.0207852414643593,0.2031999969482421,0.1867001938842694
2013-09-30 00:00:00+00:00,-0.0395917420808233,0.0659290119855182,-0.153518683227274,0.2312320728364492,-0.0733333563654677,0.0691813654390829,-0.1651032181606185,-0.2081674700196311,0.0909433547114766,-0.0273886864102743,0.0591042813465292,0.048874745396948,0.05070160588089,0.0835785745947264,0.0400976654271101,0.2093999807549791,0.1109809686993577,0.1419516364136968,0.0152327476419091,0.0339624725186062,0.162898923901545,-0.0503277864673031
2013-12-31 00:00:00+00:00,0.200288014398148,0.1338667474484882,0.1979290707814835,0.2199207977608606,0.1912583727092398,-0.0085718397398074,0.2990482588057719,0.2781209659617871,0.0272933834634205,0.0551242174508663,0.0360484920078787,0.0916938572508998,0.0343938435234316,0.1671568534464809,0.0881543903334505,-0.0158139999735009,0.1421310063601633,0.108397635339446,0.0514031227519493,0.166058469283794,0.2778731088594437,0.1407258899197792
2014-03-31 00:00:00+00:00,0.1401746787913997,0.1308411323750147,0.2163496655568653,-0.1123616862912787,-0.0199407470077708,0.1330099916490512,0.1875523935018932,-0.0008992000669555,0.2128125015960356,0.1461012307930549,0.1676146617107508,0.1210972032362582,0.1156328583275914,0.0455426838363248,0.105053788197164,0.1150035388364147,-0.0575962305385169,0.02545930636814,0.0681817654850345,0.0719875670014016,0.1329977537663307,0.1715791722441939
2014-06-30 00:00:00+00:00,-0.0148934093283654,0.1119918921760296,0.0166497399964309,0.2813238877283652,-0.0961516575637581,0.053390388064392,0.0455279280780149,0.2336596289242374,0.1862313250562934,0.0414143797825306,0.0073065112398027,-0.0236582574606807,0.1757118566691333,0.0309545821083585,0.0918336065125056,0.1229976145833224,-0.0781986999543417,0.1812238467050355,-0.0450272087400173,0.3726276727981996,-0.1474973077931526,-0.1011329498255453
2014-09-30 00:00:00+00:00,0.2153537251550281,0.1073866494506732,0.1410026246519193,0.033713555388132,-0.0070748062448764,0.0577957357017635,-0.0361909216582526,0.0230712994237394,0.0578667753731645,0.0329195209779653,0.0251742900571982,0.0643827123973186,-0.0730230468278292,0.2688665445989309,0.0481670206364219,0.0179960971635559,-0.0096464708270056,0.009992254077066,0.0134715149823723,0.2724547138094551,0.1005211402265069,-0.0978684433610092
2014-12-31 00:00:00+00:00,0.0657970671376069,-0.0749212581927688,-0.0257308103136645,-0.0550056681956198,-0.0261692474228678,0.010129436738191,-0.1090362143244866,0.043586766050766,-0.1444254559448672,0.0570987738049331,0.0162319386684759,-0.0726824929619696,-0.1112762904752989,0.0615300239837492,-0.0672815644984762,0.1030968601651181,0.1339527783464695,-0.0212893917736484,0.0102249881595186,0.119269937534874,-0.0873407926863144,0.1158825440010884
2015-03-31 00:00:00+00:00,0.1071192612097886,0.0710689274103899,0.0695292659449171,0.0860233203493461,0.0860715894413317,0.0961536188664604,0.1870632981929672,0.1131704799519872,0.2298459002007684,0.0672816283035488,0.1412969074965337,0.1267388166658956,0.0402020251752477,0.0957887737992522,-0.0180857931816764,0.025161893471753,0.0073164637643601,0.1064692791783721,0.0905869932917506,0.3783035115724908,0.2435142891701396,0.0530288562068479
2015-06-30 00:00:00+00:00,0.1409526976928901,0.0377385056004442,-0.0132705714266673,0.1116205147603754,0.0794953198467616,0.0888584278806983,0.1767608230211181,-0.1229187757798659,-0.0283236578025413,0.073983876309426,-0.0022726652569321,0.1231791227883754,0.0064013972264898,-0.0953589119309605,0.0842993127778424,-0.1229729163399483,-0.1457493990187806,0.0477346593204215,0.0747100077656972,0.3228820085302042,0.1238757607730272,0.1640147104975549
2015-09-30 00:00:00+00:00,0.0231694943130433,0.0781937227979867,-0.1421518905383236,0.0008534374921329,0.0383524905043772,-0.0120803687442254,0.0022590382455665,0.0520514802267126,-0.1050487182300107,0.0430143210410571,0.0327298358431702,-0.05283505415887,0.1731317884960352,0.1751616434932834,-0.0274600523571236,0.0986953167036241,-0.1001916692985614,-0.0245398794676002,0.0846287135032213,0.0744447196901634,0.0720237886550065,-0.0491212328789887
2015-12-31 00:00:00+00:00,-0.1305211240471424,0.0347170431657442,-0.1438777552652512,-0.0200369988216017,-0.0455688525952822,-0.126803827188202,0.0185124265469487,-0.0273573994435858,-0.1437806487938899,-0.1234502330634335,-0.0352913969940503,0.0648065686260583,-0.0060634995195587,-0.213436900844021,-0.0881343017381971,0.0102175140459084,-0.0690881514202531,0.1897891741027917,-0.0764331215027355,-0.1954161278908047,0.2651223357008685,0.128278025746495
2016-03-31 00:00:00+00:00,-0.034486953685961,0.0981492683069029,0.3980065421086345,-0.2414442855601868,0.0316006669562121,0.0194546680631066,-0.0812390441845807,-0.1713259870598373,0.0710183599766376,0.0656405122282921,0.0605294689730147,0.1019646736160966,0.056084797969045,0.2109154938231712,0.0983888248688418,0.2367042435926107,-0.1049808624096849,0.3443490879224646,-0.0318966230229139,-0.0620120303478868,0.0160593673547679,0.175441040332386
2016-06-30 00:00:00+00:00,0.0497090368263766,0.0346852495277356,-0.0421157495886281,0.0556298943034998,0.0,0.1525085544631912,0.0858419204640037,0.0892396729458899,0.1714994360270272,0.1127061164262539,0.0277998939520187,0.1161286471092872,-0.0637430067247055,0.0712213022996366,0.0589328235934527,0.021332031370602,0.0439080933377196,0.1208437157117394,0.0970614601085575,0.0076260053152998,-0.2047536202968662,0.0677784710929092
2016-09-30 00:00:00+00:00,-0.1228855251738669,0.0016813369751744,-0.0593733819975212,0.0050706043663015,0.0061043624980281,-0.0187424292088996,-0.0937893813918594,0.0752035866102467,-0.0193043584726811,0.0720244803040008,0.0752925541726587,0.0281338166419768,-0.1217666334952168,0.004228439616839,0.0521623342577279,-0.0729201103521668,-0.0932404073478515,0.2940847283662318,0.0911120493037247,-0.1960704825657601,0.2406835863886043,-0.0479696907746116
2016-12-31 00:00:00+00:00,0.1797844630734479,0.1377465096040167,0.3099006276279132,-0.0322522687482403,0.013458369555072,0.1274003766015288,-0.1188812864682073,0.0956659701505979,0.1730770161168038,-0.0220051651221582,-0.0897330362099362,-0.0178607865393475,0.0816237472187666,0.1786943945433328,0.2333856771674594,0.1293564170554961,0.4666670242112971,0.4696988725996738,0.0955923255698296,0.2084706535957901,0.0347087446285221,-0.0762830417880569
2017-03-31 00:00:00+00:00,0.037560947676132,-0.0458275125049614,0.0702444503872308,0.2580525199516981,0.0161096732697565,0.0494893247998202,0.1214287238587477,0.1641743547938428,0.0329865300685159,0.0544872128415996,0.1263252479768251,0.0441661949303195,0.1927051060218396,0.1851841877739972,0.0385480985997481,0.097226962639586,0.0114530677465871,0.4925156638441139,0.0078085059525401,0.0013978221230008,-0.1510086755502072,-0.0192820529894005
2017-06-30 00:00:00+00:00,0.2425570209209668,0.2523192127361633,0.1208978609553368,-0.1401509732643748,0.1439743188119295,0.0447403536263306,0.0306086849580182,-0.0261049633952407,0.1107740266336771,0.0153588956358945,0.0910274011849781,0.0475263000072148,-0.0273469064979318,0.2018371212030929,0.1523795023375254,0.0538094581530248,0.1772187502567683,0.0637862210082036,0.2161023791002132,0.3042594617130951,0.060509734394629,0.1334885528485836
2017-09-30 00:00:00+00:00,0.0027304890738812,0.0680608656027863,0.1636023108157636,-0.1378657234406127,0.1281018839581891,0.0421732976068101,0.1477336702385367,-0.0936747008484306,0.1284935091394901,0.1368273987484525,0.1390546301077555,0.1154930486894407,0.0041465612437368,0.116288881119237,0.0402606828007483,0.0459304890588214,-0.045537215112521,0.2869225484800513,-0.0011079529784121,-0.0216856763982892,0.1061681963222671,0.0715508897521548
2017-12-31 00:00:00+00:00,0.0760553567815742,0.0688533959045458,0.1319444497767619,-0.0017967688623223,0.0274756995522045,0.1623304544728523,0.0885261928260978,-0.0320005978876228,0.0064197365901368,0.0791776133786223,0.0037872782150043,-0.0005323745125259,0.026814541904881,0.3385286896017034,0.1995933462763686,0.1003009899378908,0.1176022055451961,0.2858508450502379,0.1256239214303569,0.0761752559190047,0.0327386062453487,0.134078766062861
2018-03-31 00:00:00+00:00,0.1239793067492553,0.2011625930493195,-0.0475682263363955,0.311199951171875,0.2001131403840659,0.0379538672565296,-0.0187513808491495,0.0716133246276506,0.0868793078055283,0.1228625223639512,0.0022477224049355,0.1328586171642674,0.0147027000620005,0.0207317828524506,0.0024394530530249,0.1577754306780934,0.268661590004801,0.1144613279275719,0.0597437602351409,-0.0348340564487131,0.018815229278988,0.0279838803334924
2018-06-30 00:00:00+00:00,-0.0284477522120565,0.1945976501120967,0.1459110983258138,0.0562843590423922,0.0358128034745048,-0.0407282589491417,0.1191653423185425,0.0613215022667783,-0.1663366710720528,0.0728603080791088,-0.0704044935759397,0.0304719211666661,-0.1555000271018275,0.0268337381766352,-0.0265121062667317,0.0347393990504478,0.068347187578472,0.1095424552139021,-0.0611414879793801,-0.016344789973381,0.1434887181114454,0.0572759347140723
2018-09-30 00:00:00+00:00,0.1273206578825498,0.1459393061319371,0.0745417018043532,0.0749458836304151,0.1438227437776824,0.0390273499513706,0.006181070023135,0.2399970677447476,0.032104746230509,0.2121435378028409,0.1488023835580563,0.0974881284467743,0.160624939079899,-0.05667258688393,0.0479057118639243,0.1346979252612816,0.3427282005365031,0.0965386163966954,0.0697041614065214,0.0087676856166656,0.1074242487718031,0.2115085865626809
2018-12-31 00:00:00+00:00,0.218383442005432,0.1324919693140638,0.1789234813917959,-0.0390919339961053,0.0568181818181818,0.0870683529833893,-0.0289833133752636,0.0939936356995505,0.2800012249028023,0.1105306137254291,0.1870546921090443,0.2205868854422812,0.0850079074574052,-0.0674839043517427,-0.1527294829546378,0.1604331204008198,0.0936871423987453,0.1951709623376081,0.1327546414136067,-0.0540393749043803,0.0597490027638178,0.1405647645377996
2019-03-31 00:00:00+00:00,-0.3026884445427499,-0.184834239773415,-0.1706751979815615,-0.1750314647200492,-0.2311290617912046,-0.1530960269766725,-0.1780995056071593,-0.1555951982779184,-0.1482077965860587,-0.144161769518469,-0.2048398617752544,-0.2170453230293949,-0.0957185855597354,-0.0731408756632369,-0.0707074551606552,-0.1215565751797898,-0.2963119587935127,-0.5287658875148881,-0.1412077174515749,-0.2528402059880685,-0.2400333478985409,-0.0760957839447725
2019-06-30 00:00:00+00:00,0.216186526237629,0.2119606561476128,0.2703163678309814,0.2370784964649241,0.3107475291825285,0.2288052944458807,0.173758034154184,0.0017992837703202,0.141748769834102,0.3696943067703213,0.2314660119714506,0.1334558967482064,0.0185762932370874,0.3437045736206714,0.230742266224051,0.1820440102096656,0.1741741901110307,0.3395087592118144,0.3988101775847035,0.2396768323548153,0.1351513876295802,0.2585274338600762
2019-09-30 00:00:00+00:00,0.0579700667999851,0.1058161677337596,0.0333902192489121,0.1010958527865475,0.1102160789461839,0.0030809444925254,-0.1266755002367414,-0.0826779339975872,0.0128359884815789,-0.0040376073330417,0.0559426920116032,-0.0250793663305919,-0.0024229866144854,0.041945790263651,0.04966334212265,0.1441960301548461,-0.1021730764884856,-0.0873400696674663,0.1178871567315924,-0.0179530403591746,0.0659351269473451,0.1362120114957854
2019-12-31 00:00:00+00:00,0.118547593693594,-0.093896433701051,-0.1392875391778821,0.1333665288256436,0.0414203790875331,-0.0238872569802571,-0.0538655680501188,-0.0843910370784878,-0.1798235541501082,0.0021158195079347,-0.1392605813389058,0.075025552585056,-0.1122869363801932,0.2101354236632058,0.0207792561719954,0.0136089709414051,-0.1661979400608983,0.048157048053369,0.0346953745073372,-0.0492506904626425,0.1882001555149579,-0.1293956041773654
2020-03-31 00:00:00+00:00,0.3413408750857469,0.2263210118976146,0.2890672786797623,-0.0379802320793182,0.1977575852685973,0.1490921457380385,0.0246784239507271,0.0379000116111716,0.0869705490746455,0.0090866769937645,0.1077665242794674,9.202439398570128e-05,0.0500716269472281,0.3509467683224871,0.1625908210532911,0.1757969867589419,0.2282032247174481,0.3798102628487185,0.0505918769476723,0.5788278736456733,0.168810269914172,0.0694753954407119
2020-06-30 00:00:00+00:00,-0.1959987613087371,-0.0993331996179804,-0.2587978498454908,0.0451848369700056,-0.1862167148959382,-0.3615395266381661,-0.3112923147004524,-0.2630718428175557,-0.3571869114606193,-0.1788983086417053,-0.4021404452097091,0.010969360134299,-0.2149550016140532,-0.2457962161534702,-0.41449323076306,-0.0503952474160902,-0.3625935478403579,0.01377762294213,-0.1183593239353344,-0.3197204444025553,-0.0478709643730383,-0.1081176713038194
2020-09-30 00:00:00+00:00,0.5154853292066814,0.460144118838721,0.7326533479790818,0.160807899588504,0.3932308039016272,0.371272144645453,0.3327345158729839,0.3237249890575231,0.3555352011810209,0.3902139909233775,0.286633053932352,0.2528209688618335,0.1832335156170217,0.4800346784862388,0.6491854820612304,0.3494848006994515,0.1006830739391748,0.5689884267662431,0.5631946278789441,0.5323703762487342,0.2014542268229198,0.1995895798110905
2020-12-31 00:00:00+00:00,0.285332393936595,0.1357404618776945,-0.030096983956954,0.0338568457831971,0.1375373045032506,0.1574864960202755,0.2328746613206169,-0.103706926785815,0.2762975851885474,0.1002328257237468,0.0474048362848744,-0.1080232214749394,-0.0452786404311417,0.0723343931039932,0.0416564041483431,0.0404179369224,-0.0033171999690129,0.4290212774158499,0.1025393756589991,0.212781967568211,0.0198104655637989,-0.0154883816657612
2021-03-31 00:00:00+00:00,0.1099686982897765,-0.0283678267716458,0.2687638392014819,-0.0426635352350256,0.0683095175287396,0.173195279643,0.1488178858992899,0.428861676603312,0.0800746799607121,0.1204069250498582,0.2573178952386801,-0.0272394902467034,0.0686392618958069,0.4465160484432131,0.285256180729043,0.0272989489544077,0.5286965434677762,-0.0365143810549143,0.1732461248551191,-0.0055410593237578,0.2081116653238455,0.0306920209095922
2021-06-30 00:00:00+00:00,-0.0481120649938421,-0.0041208225472676,-0.0435925165107358,-0.0229000007756986,-0.0162720024204507,0.0457756817637049,-0.0036570507651837,0.2005117616321254,0.2676120779154245,0.0650083278515907,0.1847282570712469,-0.0226000185572707,0.1427952343351854,0.3406386734760847,0.1705058149738627,0.1158445235962564,0.1439404101398311,0.0536100794968912,-0.0018453130205519,0.2486630901671196,0.0004866012830662,-0.0546868051055144
2021-09-30 00:00:00+00:00,0.11791177978973,0.209769489177511,0.0345192621389072,0.1385782334557588,-0.0074179787519251,0.0307411512003825,-0.1116003170103242,-0.1064847504265356,-0.0610050454444964,0.2442257537355623,0.326587211021462,0.0673068626641408,0.0736524382170225,-0.0077615063087671,-0.0752564871092494,0.1232808284114699,0.1201293925365565,0.4637271677590078,0.0899972072868386,0.0100318305453424,0.0632671179214408,0.1351659701332812
2021-12-31 00:00:00+00:00,0.0407499904354702,-0.0124160039815386,-0.032822656614812,-0.0990775392270644,-0.012885122339455,0.0840074676147146,0.0811332999535165,0.0676456246436676,-0.0944721625572295,0.1090620447927861,0.2325404388939622,0.0057134263058205,0.0326563721834947,-0.0774583941346638,0.0370746203469776,0.066470748069308,0.111910338040944,0.0264029582250271,0.0915882004418335,-0.1300880756032483,0.0113036802679942,-0.098215495989533
2022-03-31 00:00:00+00:00,0.2777820495433205,-0.0226851200071702,-0.001196917344268,0.1140500416803038,0.1472123961177149,0.1621799567094459,0.1935197497436931,0.2053726636660264,0.0120336027457927,0.1623327024562129,0.0514695578698771,0.0425723962579371,0.2708400373031838,0.2761346732209933,0.155747243634045,0.1600223142912922,0.0256703137002927,0.4523519584854438,0.1937585300714528,-0.0218478347256649,0.1281846762752818,0.2198084456381626
2022-06-30 00:00:00+00:00,-0.0410852102860912,-0.1881389754849276,-0.2491188764643667,0.0255297416854956,-0.1997522110564241,-0.1240755972915463,0.0079557922659092,-0.138331624432769,-0.0157577737173382,-0.2327554387646608,-0.0698844595513642,0.1717277504252237,0.0479847736386354,-0.2517704092214496,-0.1564328950652072,-0.0737572547205096,-0.1054656976354044,-0.1130256583679955,-0.072334518625568,-0.170270186574406,-0.1525436229240064,-0.1064614504498501
2022-09-30 00:00:00+00:00,-0.2018006119204662,-0.195792118939894,-0.183909096463211,-0.2355821001277137,-0.2410818355944376,-0.1537034957464303,-0.2412782075823536,-0.2669120921728035,-0.1156072882770238,-0.1964867827062756,-0.1842649911517772,-0.0781247583033522,-0.2285880064154656,-0.2225011297762645,-0.2375918806355169,-0.1591215517935515,-0.2314381645082355,-0.4561968135141448,-0.1007522804140617,-0.3060811171184088,-0.2479163782342864,-0.2417543644559022
2022-12-31 00:00:00+00:00,0.0267607434960772,-0.2259010482797712,0.1069826644324087,-0.0898828285043513,-0.0508763940900669,0.0914720570754925,-0.1288809663808382,-0.0168253677622995,-0.0565158752085878,0.0235580982204306,0.164073959278497,0.0159883725882268,-0.0515822406490694,0.0265450708713588,0.1383264698646165,-0.0706100972854384,0.0297933259138569,-0.1382139307090443,0.0522856270144838,-0.0298001154511399,0.0458847702772613,0.0497043827323497
2023-03-31 00:00:00+00:00,-0.1205513196798544,0.1811808475764393,-0.0379819835933534,0.0134781122634879,0.0468043958056367,0.1040085066617964,-0.0199403033770477,-0.0392013041832017,0.0982440470747265,-0.0123005777571262,0.1868406513565061,-0.0545358562417066,0.2324339729615829,0.1042041846741927,0.0902751820021419,-0.0020138931872575,-0.04512374320471,0.1443941995444237,0.0085178295030394,0.0366268810703314,-0.0855384438447742,0.1261572489246298
2023-06-30 00:00:00+00:00,0.3306445698749176,0.1281015416847257,0.1211450644017342,-0.0834412600379916,0.3803218016215468,0.0660044197607596,0.0702599801542283,-0.0012427195511588,0.0829002073188707,0.1287926726228649,-0.0378677861539585,-0.1421527582641431,0.0659970724987084,0.3060035138165895,0.2020453166155931,0.2018925575918895,0.0645249714199585,0.9538771005316626,0.2166541896660649,0.3043397456556478,0.108602463444225,0.0565570437425928
2023-09-30 00:00:00+00:00,0.1598136179540104,0.2765996858475048,-0.0186916121427263,0.1725732269567639,-0.0074377101847277,0.0378751952350508,0.0732334135552164,0.0100227895665616,0.0150222605990038,0.0265583741893498,0.0688922290840017,0.1211943645643263,-0.0834675595000106,0.2835624991670125,0.1018714893342547,0.1792947400718272,0.2004942796565023,0.516802796127211,0.1158790739993593,-0.0425334384995065,0.1646845744038896,0.0448580082895551
2023-12-31 00:00:00+00:00,-0.0959959616732404,0.0740298305070248,0.0259696054205931,0.16984233670677,-0.0903808447997096,-0.0145936468173818,0.0379143676923976,0.1084041344511137,-0.1334096331053197,0.1486505372433413,-0.0031116359745529,-0.106165167183396,-0.097729512124819,-0.0279621929134079,-0.1313624416980964,-0.0458851477443997,-0.0019610740196938,0.0559425087288281,0.0686850461690775,-0.1146997588143832,-0.072639548845223,-0.0922794266128993
